ssvid,shipname_norm,flag,imo,callsign,vessel_class,length_m,tonnage_gt,engine_power_kw,gfw_owner,gfw_owner_address,gfw_owner_flag,all_encounters,HS_encounters,fraction_encounters_in_HS,owner,owner_source,corporate_actor,corporate_actor_source,main_company,main_company_flag,subsidiaries_and_affiliates,main_company_and_subsidiaries_source,remarks
215338000,ANUKETPEARL,MLT,9395886,9HA2703,bunker,NA,5581,NA,ANUKET PEARL SHIPPING,"CARE OF ABC MARITIME AG , RUE PERDTEMPS, 1, 1260 NYON, SWITZERLAND.",CHE,4,1,0.25,ANUKET PEARL SHIPPING LTD (EFFECTIVE 2010-09-16) IMO COMPANY NUMBER 5562531 NATIONALITY OF REGISTRATION MALTA,GFW,ANUKET PEARL SHIPPING LTD,https://world-ships.com/company/b5c9ac27ebb22685219d237244198d21#.XPwYOdNKjaY,ABC Maritime AG,CHE,NA,http://www.abcmaritime.ch/  https://www.bloomberg.com/research/stocks/private/snapshot.asp?privcapId=20878221,NA
273210110,PAMYATKIROVA,RUS,8701040,UFXA,carrier,144.35,12403,7600,OLYMPIA,"OFFICE 506, UL UNIVERSITETSKAYA 2G, KALININGRAD, 236040, RUSSIA.",RUS,46,26,0.57,NA,NA,NA,NA,NA,NA,NA,NA,NA
273211110,PAMYATILICHA,RUS,8811675,UFYW,carrier,144.35,12406,7600,RUMB,"CARE OF BALTMED REEFER SERVICES LTD , 5, XENIAS STREET & CHARILAOU TRIKOUPI, KIFISIA, 145 62 ATHENS, GREECE.",RUS,16,1,0.06,RUMB LLC,GFW,RUMB LLC,https://world-ships.net/company/84f942dd7da137656bcd2716543422d9#.XP6sadNKjaY,BALTMED REEFER SERVICES LTD,GRC,Main Company: BALTMED REEFER SERVICES LTD,https://world-ships.net/company/84f942dd7da137656bcd2716543422d9#.XP6sadNKjaY  https://world-ships.net/company/7fe66954a759aa4e450756566606f9a5#.XP1uttNKjaY  http://www.hoovers.com/company-information/cs/company-profile.baltmed_reefer_service_ltd.20e00537525b04a5.html  https://panjiva.com/Baltmed-Reefer-Services-Ltd/39156111,NA
273312860,GARMONIYA,RUS,8516639,UERQ,carrier,103,4295,NA,YUZMORRYBFLOT,"UL ZAVODSKAYA 16, YUZHNO-MORSKOY, NAKHODKA, PRIMORSKIY KRAY, 692954, RUSSIA.",RUS,3,1,0.33,NA,NA,NA,NA,NA,NA,NA,NA,NA
273313270,SIMFONIYA,RUS,8516627,UFEF,carrier,103,4298,NA,YUZMORRYBFLOT,"APARTMENT 20, UL FONTANNAYA 19, VLADIVOSTOK, PRIMORSKIY KRAY, 690091, RUSSIA.",RUS,18,3,0.17,NA,NA,NA,NA,NA,NA,NA,NA,NA
273324210,ARCTIC,RUS,8223464,UFOR,carrier,99.01,3526,NA,DILMAS,"UL POGRANICHNAYA 72, NAKHODKA, PRIMORSKIY KRAY, 692910, RUSSIA.",RUS,37,12,0.32,DILMAS CO LTD,GFW,DILMAS OOO,https://world-ships.net/company/dcb478cd6178621c5fc0c0dad2246662#.XPwkLdNKjaY  https://dilmas.ru/en/  https://www.emis.com/php/company-profile/RU/Dilmas_OOO__%D0%94%D0%B8%D0%BB%D0%BC%D0%B0%D1%81_%D0%9E%D0%9E%D0%9E__en_3425802.html  http://www.hoovers.com/company-information/cs/company-profile.dilmas_ooo.8ace01042fbab110.html,DILMAS OOO,RUS,NA,NA,NA
273335960,FRIOAGATES,RUS,9081631,UGKH,carrier,133.95,6964,NA,DILMAS,"UL POGRANICHNAYA 72, NAKHODKA, PRIMORSKIY KRAY, 692910, RUSSIA.",RUS,39,6,0.15,NA,NA,NA,NA,NA,NA,NA,NA,NA
273353640,EKATERINA,RUS,8603171,UBZH8,carrier,116.57,4148,3307.5,UNITED HUATONG MARITIME,"UL PUSHKINSKAYA 40, VLADIVOSTOK, PRIMORSKIY KRAY, 690002, RUSSIA.",RUS,41,1,0.02,NA,NA,NA,NA,NA,NA,NA,NA,NA
273354920,ICEWIND,RUS,9003146,UBHH7,carrier,116.2,4280,NA,REFTRANSFLOT,"UL VOKZALNAYA 1, PETROPAVLOVSK-KAMCHATSKIY, KAMCHATSKIY KRAY, 683000, RUSSIA.",RUS,15,2,0.13,NA,NA,NA,NA,NA,NA,NA,NA,NA
273356610,PROLIVLONGA,RUS,8136740,UBXG4,carrier,172.1,13496,NA,LINE INVEST C,"OFFICE 301, PEREULOK SHEVCHENKO 4, VLADIVOSTOK, PRIMORSKIY KRAY, 690091, RUSSIA.",RUS,43,13,0.3,NA,NA,NA,NA,NA,NA,NA,NA,NA
273410910,LIMANSKIY,RUS,8423612,UGFF,carrier,78.7,2418,NA,LODIA,"UL BERYOZOVAYA 30, VLADIVOSTOK, PRIMORSKIY KRAY, 690012, RUSSIA.",RUS,13,2,0.15,LODIA LLC,GFW,LODIA LLC,https://world-ships.net/company/fda4a5b09f2f1fd1f0c53b8fb2ed4ed6  https://corprussia.com/company/1723129  https://www.vesselsvalue.com/company/83762/Lodia-LLC,LODIA LLC,RUS,NA,NA,NA
273421240,ANTONGURIN,RUS,8723402,UERJ,carrier,126.6,6689,NA,BEREG MECHTY,"UL TUCHKOVSKAYA 3, MOSCOW, 117452, RUSSIA.",RUS,47,16,0.34,BEREG MECHTY JSC,GFW,BEREG MECHTY JSC,https://world-ships.net/company/650f4aa49f4666f22d66c5fa4baba517#.XPwaZ9NKjaY  https://corprussia.com/company/1421322,BEREG MECHTY JSC,RUS,NA,NA,NA
273441670,JUPITER,RUS,7700116,UDOW,carrier,71,1727,NA,VLADKRISTALL,"UL 50-LET VLKSM 26-B, VLADIVOSTOK, PRIMORSKIY KRAY, 690077, RUSSIA.",RUS,17,3,0.18,NA,NA,NA,NA,NA,NA,NA,NA,NA
273449080,SORAKSAN,RUS,8723361,UAYO,carrier,126.6,6648,NA,ZOLOTAYA DOLINA,"CARE OF VOSTOKTRANSSHIPPING CO LTD , UL SVETLANSKAYA 83, VLADIVOSTOK, PRIMORSKIY KRAY, 690001, RUSSIA.",RUS,36,11,0.31,NA,NA,NA,NA,NA,NA,NA,NA,NA
273512400,TAMBOV,RUS,8225723,UIMH,carrier,152.7,12527,NA,DALTRANSFLOT,"RUSSIA, 690012 VLADIVOSTOK-12, A/YA 12/125",RUS,52,2,0.04,NA,NA,NA,NA,NA,NA,NA,NA,NA
273811020,KAPITANPRYAKHA,RUS,8834483,UIWB,carrier,133.95,6998,NA,BEREG MECHTY,"UL TUCHKOVSKAYA 3, MOSCOW, 117452, RUSSIA.",RUS,39,8,0.21,NA,NA,NA,NA,NA,NA,NA,NA,NA
273812710,VSEVOLODSIBIRTSEV,RUS,8610277,UDVB,carrier,165.97,32096,NA,YUZHMORRYBFLOT,"UL NABEREZHNAYA 8, NAKHODKA, PRIMORSKIY KRAY, 692955, RUSSIA.",RUS,60,1,0.02,NA,NA,NA,NA,NA,NA,NA,NA,NA
273825200,PREDSEDATELGANSLEP,RUS,8834689,UIVX,carrier,55,683,NA,AMURRYBPROM,"UL GOGOLYA 27, KHABAROVSK, 680000, RUSSIA.",RUS,3,1,0.33,AMURRYBPROM OOO,GFW,AMURRYBPROM OOO,https://world-ships.com/company/5d97ed7188aa0ff1a4eac67ee1cbc0ae#.XPrJ29NKjaY  https://www.megafishnet.com/companies/1271/,AMURRYBPROM OOO,RUS,NA,NA,NA
280032331,SHUNHANG,PAN,8214645,H3DE,carrier,94.2,3321,3347,SHUNHANG INTERNATIONAL SHIPPING,"ROOM 2502, TECHNOLOGICAL REAL STATE BUILDING, DONGHAI WEST ROAD, NO. 2121, GOUSHAN STREET, PUTUO, ZHOUZHAN, CHINA",CHN,1,1,1,NA,NA,NA,NA,NA,NA,NA,NA,NA
325753000,OCEANSTAR96,DMA,8517358,J7DE4,carrier,145.55,6579,NA,HONG KONG HOI SHUN IMPORT,"ROOM 603B, 6TH FLOOR, HANG POINT COMMERCIAL BUILDING, CHEUNG SHA WAN ROAD, KOWLOON, HONG KONG, CHINA.",HKG,3,3,1,HONG KONG HOI SHUN IMPORT,GFW,HONG KONG HOI SHUN IMPORT & EXPORT TRADING LTD,https://www.importgenius.com/peru/suppliers/hongkong-hui-shun-import-export-trading-limited  https://opencorporates.com/companies/hk/1869013  https://world-ships.net/company/96b474980c25bfa1f26776068d824843#.XPwxMneZPwc,HONG KONG HOI SHUN IMPORT & EXPORT TRADING LTD,HKG,NA,NA,NA
351336000,FRIONAGATO,PAN,9227596,H3QQ,carrier,135.03,7367,7060.79,STARFIRE MARINE,"VIA ESPANA 122, DELTA TOWER, FLOOR 14, CITY OF PANAMA, REPUBLIC OF PANAMA",GRC,11,11,1,NA,NA,NA,NA,NA,NA,NA,NA,NA
351478000,ATMODA,PAN,8908076,3FNT8,carrier,144.34,12413,7707.67,BECKENSFIELD,"C/O TRIDENT TRUST COMPANY(B.V.I.) LIMITED, TRIDEN CHAMBERS, P.O. BOX 146, ROAD TOWN",VGB,25,24,0.96,BECKENSFIELD LTD,GFW,BECKENSFIELD LTD,https://world-ships.net/company/2774f1435640e06261e00adfd2a8485e#.XPwZO9NKjaY,Laskaridis Shipping Co. Ltd.,GRC,BECKENSFIELD LTD is owned by Lavinia Corp which is a subsidiary of Laskaridis Shipping Co. Ltd.,https://world-ships.net/company/2774f1435640e06261e00adfd2a8485e#.XPwZO9NKjaY  https://www.fis.com/fis/companies/details.asp?l=e&company_id=69587  https://www.fis.com/fis/companies/details.asp?l=e&company_id=159046  https://www.bloomberg.com/research/stocks/private/snapshot.asp?privcapid=25238439,NA
351527000,OCEANMARINER,PAN,8217104,H8IL,carrier,125,5070,5222,GOOD SUCCESS TRANSPORTATION,"HONG KONG, CHINA.",HKG,21,21,1,HONGKONG HE YUE SHIPPING LTD,GFW,HONGKONG HE YUE SHIPPING LTD,https://world-ships.net/company/77640d12c7954e8a7833891a96520ffd#.XPwx2XeZPwc,FUZHOU LUCKY OCEAN SHIPPING SERVICES CO LTD,CHN,Main Company: FUZHOU LUCKY OCEAN SHIPPING SERVICES CO LTD,https://www.imarine.cn/thread-268712-1-1.html https://world-ships.net/company/103bea2731f65a2ff09c67a03dfcc490#.XPwyE3eZPwc  https://world-ships.net/company/77640d12c7954e8a7833891a96520ffd#.XPwx2XeZPwc,NA
351537000,RUISHENG,PAN,8688755,3FOH6,carrier,98,3298,2060,RUI CHENG INTERNATIONAL,"ROOM D, 10TH FLOOR, TOWER A, BILLION CENTER, 1, WANG KWONG ROAD, KOWLOON BAY, KOWLOON, HONG KONG, CHINA.",CHN,13,13,1,RUI CHENG INTERNATIONAL,GFW,RUI CHENG INTERNATIONAL SHIPPING LTD,https://world-ships.com/company/7050356717e5c36616d1341a5dc3d233#.XP11ZdNKjaY  https://hk105577760.fm.alibaba.com/,RUI CHENG INTERNATIONAL SHIPPING LTD,HKG,NA,NA,NA
351537000,RUISHENG,PAN,8688755,3FOH6,carrier,98,3298,2060,RUI CHENG INTERNATIONAL,"ROOM D, 10TH FLOOR, TOWER A, BILLION CENTER, 1, WANG KWONG ROAD, KOWLOON BAY, KOWLOON, HONG KONG, CHINA.",CHN,13,13,1,"RUI CHENG INTERNATIONAL (EFFECTIVE 2016-04-20) IMO COMPANY NUMBER 5912100 NATIONALITY OF REGISTRATION HONG KONG, CHINA",GFW,RUI CHENG INTERNATIONAL SHIPPING LTD,https://world-ships.com/company/7050356717e5c36616d1341a5dc3d233#.XP11ZdNKjaY  https://hk105577760.fm.alibaba.com/,RUI CHENG INTERNATIONAL SHIPPING LTD,HKG,NA,NA,NA
351543000,LIAOYUREEFER1,PAN,8904068,3FLJ6,carrier,115,5286,5001,HONG KONG EVER OCEAN SHIPPING,"UNIT 2507, 25/F., COSCO TOWER, GRAND MILLENNIUM PLAZA, 183 QUEEN'S ROAD CENTRAL HK",HKG,7,6,0.86,NA,NA,NA,NA,NA,NA,NA,NA,NA
351763000,SHINHANG,PAN,8214839,3FRT,carrier,143.54,8739,6714,SHIN HANG SHIPPING,"TRUST COMPANY COMPLEX, AJELTAKE ROAD, AJELTAKE ISLAND, MAJURO, REPUBLIC OF THE MARSHALL ISLANDS MH96960",MHL,55,55,1,SHIN HANG SHIPPING CO LTD,GFW,SHIN HANG SHIPPING CO LTD,https://world-ships.com/company/ffa5f15f940572bee70fb4140c498352#.XP6vctNKjaY  https://world-ships.com/company/2bff4f9d055456345a9330740f42ddb4#.XP6vwdNKjaY,FAVOUR SHIP MANAGEMENT CO LTD,HKG,Main Company: FAVOUR SHIP MANAGEMENT CO LTD,https://world-ships.com/company/ffa5f15f940572bee70fb4140c498352#.XP6vctNKjaY  https://world-ships.com/company/2bff4f9d055456345a9330740f42ddb4#.XP6vwdNKjaY  https://www.hkgbusiness.com/en/company/Favour-Ship-Management-Co-Limited,NA
351776000,MINGHANG,PAN,8130837,3FIY4,carrier,145.55,6183,5803,QIHANG INTERNATIONAL SHPG HKG,"CARE OF EAST MARITIME SERVICES SA , VIA ESPANA & CALLE GABRIELA MISTRAL, 10, LA CRESTA, PANAMA CITY, PANAMA.",PAN,16,16,1,QIHANG INTERNATIONAL SHPG-HKG,GFW,East Maritime Services SA,https://world-ships.com/company/c001acf42fbca090b2cf755ee621d124#.XP10sNNKjaY  https://world-ships.com/company/ee466bd782a4dfe2cfccd49582a1cbe4#.XP7XWneZPwc  https://www.vesselsvalue.com/company/46804/East-Maritime-Services-SA,East Maritime Services SA,PAN,NA,NA,Potentially connected to EAST MARITIME SERVICES CO LTD but could not be connected using open source data
351822000,TAIFU3,PAN,7927453,H3AI,carrier,99.58,3505,3678,SUN VICTORY SHIPPING,"NO. 13 YU KANG P'EI 1 ROAD, CHIEN CHEN DIST, KAOHSIUNG, TAIWAN",TWN,25,22,0.88,NA,NA,NA,NA,NA,NA,NA,NA,NA
351960000,MINGHANG5,PAN,8921470,3EYJ5,carrier,150.01,10405,11220,MINGHANG INTERNATIONAL SHIPPING,UNIT D 16/F ONE CAPITAL PLACE 18 LUARD RPAD WAN CHAI HK,HKG,68,68,1,"MINGHANG INTERNATIONAL-HKG (EFFECTIVE 2017-09-26) IMO COMPANY NUMBER 5819734 NATIONALITY OF REGISTRATION HONG KONG, CHINA",GFW,MINGHANG INTERNATIONAL SHIPPING CO LTD,https://world-ships.net/company/97d53a31278d63970814d36fe4c1c648,"Qingdao QOF Group Co., Ltd.",CHN,"Main Company: Qingdao QOF Group Co., Ltd.",http://qofgroup.com/EN/ywpt.aspx,NA
352241000,TUNAPRINCESS,PAN,9314612,H3CN,carrier,120.75,4522,29993,STAR NAVIGATION,"MMG TOWER 16TH FLOOR, 53RD E STREET,URBANIZACION, MARBELLA, PANAMA, REPUBLIC OF PANAMA",PAN,18,16,0.89,STAR NAVIGATION S.A.,GFW,STAR NAVIGATION SA,https://world-ships.com/company/3fe2319f2eadf23f2031702383b54a7f#.XP12NdNKjaY,Shinko Kaiun Co Ltd,JPN,Main Company: Shinko Kaiun Co Ltd,https://world-ships.com/company/3fe2319f2eadf23f2031702383b54a7f#.XP12NdNKjaY  https://world-ships.com/company/1f60cba9166300d14502e5c9fc807ee0#.XP12WNNKjaY  https://www.bloomberg.com/profile/company/5828605Z:JP  http://portal.infospectrum.net/searchorder/GoogleCompanySearch.aspx?CompanyId=13135,NA
352351000,AVUNDAREEFER,PAN,9072824,3EJD5,carrier,125,7313,7060,LILIUM SHIPPING,"SAMUEL LEWIS AVENUE, COMOSA BUILDING, 1ST FLOOR, PANAMA CITY, REPUBLIC OF PANAMA",PAN,4,4,1,LILIUM SHIPPING CO SA,GFW,LILIUM SHIPPING CO SA,https://world-ships.com/company/c2eab6ba779a6ca5b26c0ea374edcc81#.XPxKLneZPwc,YUGREFTRANSFLOT JSC,RUS,Main Company: JSC YUGREFTRANSFLOT,http://www.hoovers.com/company-information/cs/company-profile.yugreftransflot_ao.4ad86101ddb7a92c.html  https://world-ships.com/company/c2eab6ba779a6ca5b26c0ea374edcc81#.XPxKLneZPwc  https://world-ships.com/company/9b7d3d8b2e124604ee68b27053ab9d31#.XPxKX3eZPwc  https://marbnet.com/directory/listing/jsc-yugreftransflot,NA
352796000,KHANA,PAN,8810645,3EYB6,carrier,94.97,3475,3603,NOK,"5TH FLOOR OF CEMENTO PANAMA BUILDING, P.O. BOX 4493, PANAMA REPUBLICA DE PANAMA",PAN,3,3,1,NA,NA,NA,NA,NA,NA,NA,NA,NA
352894000,TUNAQUEEN,PAN,9278612,HPFK,carrier,113.37,4499,4070,STAR NAVIGATION,"SWISSBANK TOWER 16TH FLOOR 53RD ST., URBANIZACION OBARRIO PANAMA-CITY REPUBLIC OF PANAMA",PAN,22,22,1,STAR NAVIGATION SA,GFW,STAR NAVIGATION SA,https://world-ships.com/company/3fe2319f2eadf23f2031702383b54a7f#.XP12NdNKjaY,Shinko Kaiun Co Ltd,JPN,Main Company: Shinko Kaiun Co Ltd,https://world-ships.com/company/3fe2319f2eadf23f2031702383b54a7f#.XP12NdNKjaY  https://world-ships.com/company/1f60cba9166300d14502e5c9fc807ee0#.XP12WNNKjaY  https://www.bloomberg.com/profile/company/5828605Z:JP  http://portal.infospectrum.net/searchorder/GoogleCompanySearch.aspx?CompanyId=13135,NA
353185000,KURIKOMA,PAN,9145920,3FTS6,carrier,114.82,4150,2950,PANAMA TRL,"JUST AROSEMENA AVE. & 32ND ST. NO. 3-32 PANAMA CITY, PANAMA",PAN,6,6,1,PANAMA TRL SA,GFW,PANAMA TRL SA,https://world-ships.net/company/d5803ea59ef66ca9db115aa91a6caeec#.XP1v8NNKjaY,"OCEAN, K.K.",JPN,"Main Company: OCEAN, K.K. which owns TOEI REEFER LINE LTD",http://www.hoovers.com/company-information/cs/company-profile.ocean_kk.d353b1d2ca94c708.html  https://www.bloomberg.com/research/stocks/private/snapshot.asp?privcapId=5759915  https://world-ships.net/company/449d59a10ca80891d87579fb1d001d42#.XP1wIdNKjaY  https://world-ships.net/company/d5803ea59ef66ca9db115aa91a6caeec#.XP1v8NNKjaY  http://www.hoovers.com/company-information/cs/company-profile.toei_reefer_line_ltd.7e059a894e7a842a.html  https://www.fis.com/fis/companies/details.asp?l=e&filterby=companies&letter=t&page=75&company_id=43&country_id=,NA
353306000,FRIOCHIKUMA,PAN,9184536,3FWG8,carrier,127.38,7367,9600,SKY GLOBAL MARITIME,"OMEGA BUILDING MEZZANINE, SAMUEL LEWIS AVENUE & 53 RD STREET, PANAMA, REPUBLIC OF PANAMA",PAN,3,3,1,NA,NA,NA,NA,NA,NA,NA,NA,NA
353709000,OCEANSTAR86,PAN,9045948,3FKX6,carrier,133.83,9829,9170,HONG KONG HOI SHUN IMPORT,"ROOM 603B, 6TH FLOOR, HANG POINT COMMERCIAL BUILDING, CHEUNG SHA WAN ROAD, KOWLOON, HONG KONG, CHINA.",HKG,10,10,1,"HONG KONG HOI SHUN IMPORT (EFFECTIVE 2018-03) IMO COMPANY NUMBER 5866419 NATIONALITY OF REGISTRATION HONG KONG, CHINA",GFW,HONG KONG HOI SHUN IMPORT & EXPORT TRADING LTD,https://www.importgenius.com/peru/suppliers/hongkong-hui-shun-import-export-trading-limited  https://opencorporates.com/companies/hk/1869013  https://world-ships.net/company/96b474980c25bfa1f26776068d824843#.XPwxMneZPwc,HONG KONG HOI SHUN IMPORT & EXPORT TRADING LTD,HKG,NA,NA,NA
353773000,ASIANBRIER,PAN,9172703,3FTB8,carrier,130.02,6873,7158.72,KYOKUYO SHIPPING PANAMA,81 BROAD STREET,LBR,1,1,1,NA,NA,NA,NA,NA,NA,NA,NA,NA
353901000,HONGYING,PAN,9097056,H90Q,carrier,88.6,2383,NA,WAN SHUN SHIPPING,"CARE OF HAI LING SHIPPING (HONG KONG) LTD , JFZ1083, ROOM C, 2ND FLOOR, CAPITAL TRADE CENTRE, 62, TSUN YIP STREET, KWUN TONG, KOWLOON, HONG KONG, CHINA.",HKG,5,5,1,WAN SHUN SHIPPING CO LTD,GFW,WAN SHUN SHIPPING CO LTD,https://world-ships.net/company/e74d798ce840b32198dc900683f48f4a#.XP67tdNKjaY,FUZHOU LUCKY OCEAN SHIPPING SERVICES CO LTD,CHN,Main Company: FUZHOU LUCKY OCEAN SHIPPING SERVICES CO LTD,https://www.imarine.cn/thread-268712-1-1.html https://world-ships.net/company/103bea2731f65a2ff09c67a03dfcc490#.XPwyE3eZPwc  https://world-ships.net/company/e74d798ce840b32198dc900683f48f4a#.XP67tdNKjaY,NA
353981000,FRIOHELLENIC,PAN,9081679,3FVQ8,carrier,143.3,9997,15600,EXPLORER MARINE,"53RD STREET, URBANIZACION OBARRIO TORRE SWISS BANK PANAMA, REPUBLIC OF PANAMA",PAN,14,14,1,NA,NA,NA,NA,NA,NA,NA,NA,NA
353982000,FRIOATHENS,PAN,8710340,3FAX7,carrier,141.6,8519,8385,ZEUS MARINE,"1ST FLOOR, INTERNATIONAL BLDG LINI HIGHWAY",VUT,1,1,1,ZEUS MARINE LTD,GFW,ZEUS MARINE LTD,https://world-ships.com/company/3e0820ba8f5d63d2388292270a7bd8ea#.XP6_A9NKjaY,Laskaridis Shipping Co. Ltd.,GRC,ZEUS MARINE LTD is owned by Lavinia Corp which is a subsidiary of Laskaridis Shipping Co. Ltd.,https://world-ships.com/company/3e0820ba8f5d63d2388292270a7bd8ea#.XP6_A9NKjaY  https://world-ships.com/company/153c97e6e4e6d0b296f3913308d2a400#.XP6_RdNKjaY   https://www.fis.com/fis/companies/details.asp?l=e&company_id=69587  https://www.fis.com/fis/companies/details.asp?l=e&company_id=159046  https://www.bloomberg.com/research/stocks/private/snapshot.asp?privcapid=25238439,NA
354062000,HAIFENG668,PAN,8800236,3EIN8,carrier,124.7,4970,4438.7,FIRST OCEAN DEVELOPMENT,"UNIT 502, 5F., HANG SENG NORTH POINT BUILDING, 341 KING’S ROADA, NORTH POINT, HONG KONG.",HKG,26,13,0.5,FIRST OCEAN DEVELOPMENT LTD,GFW,FIRST OCEAN DEVELOPMENT LTD,https://world-ships.com/company/9ea9799b30644884f28b9d2b69feb3fd#.XPwnJ9NKjaY,"China National Agricultural Development Group Co., Ltd",CHN,"Main Company: China National Fisheries Corporation Majority Shareholder: China National Agricultural Development Group Co., Ltd",https://world-ships.com/company/9ea9799b30644884f28b9d2b69feb3fd#.XPwnJ9NKjaY,NA
354136000,ROYALCOOP,PAN,8609840,3FWS5,bunker,90,4007,2345,COSMIC VIEW,"P.O. BOX 957, OFFSHORE INCORPORATIONS CENTRE, ROAD TOWN, TORTOLA, BRITISH VIRGIN ISLANDS",VGB,68,68,1,"COSMIC VIEW LTD (EFFECTIVE 2017-04-26) IMO COMPANY NUMBER 5972916 NATIONALITY OF REGISTRATION VIRGIN ISLANDS, BRITISH",GFW,COSMIC VIEW LTD,https://world-ships.net/company/714930765a07f3b7b8041f048d21a939#.XPwfJdNKjaY,Winson Oil Trading Pte. Ltd.,SGP,Main Company: Winson Oil Trading Pte Ltd aka Winson Group,https://world-ships.net/company/714930765a07f3b7b8041f048d21a939#.XPwfJdNKjaY  https://www.bloomberg.com/research/stocks/private/snapshot.asp?privcapId=108906926,NA
354493000,MABAH,PAN,9105358,3FSC4,carrier,120.75,4457,3087,GJENDE REEFER,HAAKON VII`S GATE 1. N-0160 OSLO NORWAY.,NOR,14,14,1,NA,NA,NA,NA,NA,NA,NA,NA,NA
355141000,YUNGDAFA102,PAN,8323599,3FEJ5,carrier,93.88,2829,2471.99,ETERNAL MASTER,"Nº 121, GUOGUANG RD.,QIANZHEN DIST.,KAOHSIUNG CITY 806, TAIWAN",TWN,1,1,1,NA,NA,NA,NA,NA,NA,NA,NA,NA
355168000,SHINIZU,PAN,9186936,3EYX6,carrier,88.11,2781,2647,SEA ROAD LINE,80 BROAD STREET MONROVIA LIBERIA,LBR,9,1,0.11,NA,NA,NA,NA,NA,NA,NA,NA,NA
355317000,ORIENTALCHILAN,PAN,8301723,3FHF5,carrier,79.83,2113,2207,KAO SHENG MARINE,"CARE OF ASIAN MARINE SERVICES LTD , ROOM 1, 4TH FLOOR, 131, XINSHENG ROAD, QIANZHEN DISTRICT, KAOHSIUNG CITY, 80672, CHINA, REPUBLIC OF (TAIWAN)",TWN,47,42,0.89,KAO SHENG MARINE SA,GFW,KAO SHENG MARINE SA,https://world-ships.net/company/d25cd12e90021759b3e7e39eefb75e75#.XPxGcXeZPwc  https://opencorporates.com/companies/pa/299486,KAO SHENG MARINE SA,PAN,NA,NA,Company flag is most likely Panama but Taiwan is also a potential
355720000,GLOBALMARINER,PAN,8813582,3EMW4,carrier,138.85,6545,NA,HONG FA SHIPPING,"CARE OF GREATSOURCES SHIPPING CONSULTANTS LTD , A-2902, YUANLI MINGZHU BUILDING, 278, QUNZHONG LU, TAIJIANG QU, FUZHOU, FUJIAN, 350005, CHINA.",CHN,11,11,1,HONG FA SHIPPING LTD,GFW,HONG FA SHIPPING LTD,https://world-ships.com/company/1f204070524a327933833147dcbc32b7#.XPwvtNNKjaY,GREATSOURCES SHIPPING CONSULTANTS LTD,CHN,Main Company: GREATSOURCES SHIPPING CONSULTANTS LTD,https://world-ships.com/company/1f204070524a327933833147dcbc32b7#.XPwvtNNKjaY  https://world-ships.com/company/79d507c4f40c7172e5b9891573d7c27a#.XPwv19NKjaY  https://www.imarine.cn/thread-268197-1-1.html,NA
355827000,HAIFENG728,PAN,9019121,3EGZ6,carrier,141.15,10614,11400,MEXON SHIPPING,"30/F FLAT A3, TML TOWER, 3 HOI SHING RON, TSUEN WAN, NEW TERRITORIES, HONG KONG",HKG,40,40,1,NA,NA,NA,NA,NA,NA,NA,NA,NA
356065000,BAOWIN,PAN,9109263,H3OD,carrier,83.76,2596,1470,BAO POWER SHIPPING,"FLR 17, NO.2 HUAWO BUILDING, 179# SHENZHEN ROAD, QINGDAO CITY, CHINA",CHN,18,18,1,NA,NA,NA,NA,NA,NA,NA,NA,NA
356189578,YUNGDAFA102,PAN,8323599,3FEJ5,carrier,93.88,2829,2471.99,ETERNAL MASTER,"Nº 121, GUOGUANG RD.,QIANZHEN DIST.,KAOHSIUNG CITY 806, TAIWAN",TWN,1,1,1,NA,NA,NA,NA,NA,NA,NA,NA,NA
356258000,ATLANTICGEM,PAN,9045936,H3UQ,carrier,NA,9829,NA,TCT MARINE SURVEYOR CLAIM,NA,VGB,12,12,1,"TCT MARINE SURVEYOR & CLAIM (EFFECTIVE 2017-07) IMO COMPANY NUMBER 5997910 NATIONALITY OF REGISTRATION VIRGIN ISLANDS, BRITISH",GFW,TCT MARINE SURVEYOR & CLAIM,https://world-ships.net/company/dba7e1e6aaa72140b63828c70b5ae95e#.XP62WdNKjaY  http://portal.infospectrum.net/searchorder/GoogleCompanySearch.aspx?CompanyId=107549,TCT MARINE SURVEYOR & CLAIM,VGB,NA,NA,NA
356414000,ANGEL18,PAN,9167710,H9WL,bunker,110.1,6332,3603,SUCCESS DIRECT,"CARE OF WINSON SHIPPING (TAIWAN) CO LTD , ROOM 1, 26TH FLOOR, 29, HAIBIAN ROAD, LINGYA DISTRICT, KAOHSIUNG CITY, 80248, CHINA, REPUBLIC OF (TAIWAN)",TWN,70,70,1,NA,NA,NA,NA,NA,NA,NA,NA,NA
356470000,ANGEL101,PAN,9101455,HOMW,bunker,104.01,4974,2942,WINSON SEA BUNKER,"CARE OF WINSON SHIPPING (TAIWAN) CO LTD , ROOM 1, 26TH FLOOR, 29, HAIBIAN ROAD, LINGYA DISTRICT, KAOHSIUNG CITY, 80248, CHINA, REPUBLIC OF (TAIWAN)",VGB,49,49,1,NA,NA,NA,NA,NA,NA,NA,NA,NA
356514000,HAIFENG618,PAN,9035084,3FHE6,carrier,138,7800,7060,CHINA KINGDOM SHIPPING,"UNITS502, 5/F., HANG SENG NORTH POINT BUILDING, 341 KING’S ROAD, NORTH POINT, HONG KONG",HKG,16,16,1,CHINA KINGDOM SHIPPING LTD,GFW,CHINA KINGDOM SHIPPING LTD,https://world-ships.com/company/b312bd976a8e56a343a8b6b91f6a7655#.XA7OXZNKjwc,"China National Agricultural Development Group Co., Ltd",CHN,"Main Company: China National Fisheries Corporation Majority Shareholder: China National Agricultural Development Group Co., Ltd",https://world-ships.com/company/b312bd976a8e56a343a8b6b91f6a7655#.XA7OXZNKjwc,NA
356591000,WINSHENG,PAN,7810571,3FWH6,carrier,122.46,4177,6200,WIN SHENG MARINE,"NO.75 YU KANG CENTRAL 2ND ROAD KAOHSIUNG CITY, TAIWAN 806",TWN,9,7,0.78,NA,NA,NA,NA,NA,NA,NA,NA,NA
356609000,FRIOLASPALMAS,PAN,8908193,3EBI9,carrier,140,9070,6863,SEABORN HONOR,"PASEO DEL MAR Y AVENIDA PACIFICO, COSTA DEL ESTE, MMG TOWER, PISO 23, CIUDAD DE PANAMA",PAN,31,31,1,SEABORN HONOR S.A - GREECE,GFW,SEABORN HONOR S.A,https://world-ships.com/company/774932cdaea1904d4de904339e75074c#.XP110dNKjaY,BALTMED REEFER SERVICES LTD,GRC,Main Company: BALTMED REEFER SERVICES LTD,https://world-ships.com/company/774932cdaea1904d4de904339e75074c#.XP110dNKjaY  https://world-ships.net/company/7fe66954a759aa4e450756566606f9a5#.XP1uttNKjaY  http://www.hoovers.com/company-information/cs/company-profile.baltmed_reefer_service_ltd.20e00537525b04a5.html  https://panjiva.com/Baltmed-Reefer-Services-Ltd/39156111,NA
356609000,FRIOLASPALMAS,PAN,8908193,3EBI9,carrier,140,9070,6863,SEABORN HONOR,"PASEO DEL MAR Y AVENIDA PACIFICO, COSTA DEL ESTE, MMG TOWER, PISO 23, CIUDAD DE PANAMA",PAN,31,31,1,SEABORN HONOR SA (EFFECTIVE 2014-12-01) IMO COMPANY NUMBER 5831317 NATIONALITY OF REGISTRATION PANAMA,GFW,SEABORN HONOR S.A,https://world-ships.com/company/774932cdaea1904d4de904339e75074c#.XP110dNKjaY,BALTMED REEFER SERVICES LTD,GRC,Main Company: BALTMED REEFER SERVICES LTD,https://world-ships.com/company/774932cdaea1904d4de904339e75074c#.XP110dNKjaY  https://world-ships.net/company/7fe66954a759aa4e450756566606f9a5#.XP1uttNKjaY  http://www.hoovers.com/company-information/cs/company-profile.baltmed_reefer_service_ltd.20e00537525b04a5.html  https://panjiva.com/Baltmed-Reefer-Services-Ltd/39156111,NA
357735000,FRIOMOGAMI,PAN,9184548,3FSC9,carrier,127.38,7367,7056,STAR GLOBAL SHIPPING,"C/O LASKARIDIS SHIPPING CO., LTD 5 XENIAS STREET, 14562, ATENAS, GRECIA",GRC,15,13,0.87,NA,NA,NA,NA,NA,NA,NA,NA,NA
357805000,SKYFROST,PAN,8521830,3FTR9,carrier,141.99,12383,7597.19,BERWICK GROUP,"BAHAMAS INTERNATIONAL TRUST BUILDING BANK LANE, P.O. BOX N-8188 NASSAU, BAHAMAS",BHS,17,12,0.71,BERWICK GROUP LTD,GFW,BERWICK GROUP LTD,https://world-ships.net/company/1581729d500cceed4e973dd90d7951d7#.XPwbG9NKjaY,Laskaridis Shipping Co. Ltd.,GRC,BERWICK GROUP LTD is owned by Lavinia Corp which is a subsidiary of Laskaridis Shipping Co. Ltd.,https://world-ships.net/company/1581729d500cceed4e973dd90d7951d7#.XPwbG9NKjaY  https://www.fis.com/fis/companies/details.asp?l=e&company_id=69587  https://www.fis.com/fis/companies/details.asp?l=e&company_id=159046  https://www.bloomberg.com/research/stocks/private/snapshot.asp?privcapid=25238439,NA
357832000,YONGXIANG9,PAN,9158537,3FGN5,carrier,140.18,9298,12621,YONGXIANG SHIPPING INTL,"RM D 10/F TOWER A BILLION CTR 1 WANG KWONG RD KOWLOON BAY KL, HONG KONG",HKG,17,17,1,NA,NA,NA,NA,NA,NA,NA,NA,NA
370136000,YONGXIANG3,PAN,9019119,3FDB6,carrier,141.15,10614,11394.29,HAODA SHIPPING MANAGEMENT INTL,"OFFICE D, 10TH FLOOR, TOWER A, BILLION CENTRE, 1, WANG KWONG ROAD, KOWLOON BAY, KOWLOON, HONG KONG, CHINA.",HKG,38,38,1,"HAODA SHIPPING MANAGEMENT INTL (EFFECTIVE 2017-11-09) IMO COMPANY NUMBER 5852074 NATIONALITY OF REGISTRATION HONG KONG, CHINA",GFW,HAODA SHIPPING MANAGEMENT INTERNATIONAL CO LTD,https://www.hkgbusiness.com/en/company/Haoda-Shipping-Management-International-Co-Limited  https://world-ships.com/company/82a2ab1f1766741cc3b3afedd2d9507b#.XPwugdNKjaY,HAODA SHIPPING MANAGEMENT INTERNATIONAL CO LTD,HKG,NA,NA,NA
370178000,HAIGONGYOU306,PAN,9150614,3EDS9,bunker,144.08,11375,6480,EVER ACCESS DEVELOPMENT,"7TH FLOOR, BUILDING 19, BLOCK 18188, NANSIHUAN XILU, FENGTAI QU, BEIJING, 100160, CHINA",CHN,106,102,0.96,EVER ACCESS DEVELOPMENT LIMITED - CHINA,GFW,EVER ACCESS DEVELOPMENT LIMITED,https://world-ships.net/company/1ef9132fac8eda6b5cc4205f163f7506#.XPwkt9NKjaY  https://www.ccamlr.org/en/node/99057,DALIAN TRANSQUARE-LINE INTERNATIONAL SHIP MANAGEMENT CO LTD,CHN,Main Company: DALIAN TRANSQUARE-LINE INTERNATIONAL SHIP MANAGEMENT CO LTD,https://world-ships.net/company/1ef9132fac8eda6b5cc4205f163f7506#.XPwkt9NKjaY  https://world-ships.net/company/86c18708f79f2ccc0aa21ed2a5011e67#.XPwk1dNKjaY  https://www.ccamlr.org/en/node/99057  http://www.transquare-line.com/companyIntroduction/companyIntroduction.html,NA
370599000,IBUKI,PAN,9666481,3ELC8,carrier,127.81,6558,4550,STAR NAVIGATION,"MMG TOWER 16TH FLOOR, 53RD E STREET,URBANIZACION, MARBELLA, PANAMA, REPUBLIC OF PANAMA",PAN,28,28,1,STAR NAVIGATION SA,GFW,STAR NAVIGATION SA,https://world-ships.com/company/3fe2319f2eadf23f2031702383b54a7f#.XP12NdNKjaY,Shinko Kaiun Co Ltd,JPN,Main Company: Shinko Kaiun Co Ltd,https://world-ships.com/company/3fe2319f2eadf23f2031702383b54a7f#.XP12NdNKjaY  https://world-ships.com/company/1f60cba9166300d14502e5c9fc807ee0#.XP12WNNKjaY  https://www.bloomberg.com/profile/company/5828605Z:JP  http://portal.infospectrum.net/searchorder/GoogleCompanySearch.aspx?CompanyId=13135,NA
370890000,FORTUNAREEFER,PAN,7908770,3EVW4,carrier,99.59,3493,3678,KINGFISHERS SHIPPING,FLOOR 17 BUILDING NO. 2 HAUWO BUILDING 179# SHENZHEN ROAD LAOSHAN DISTRICT QINGDAO CHINA,CHN,16,16,1,KINGFISHERS SHIPPING CO LTD,GFW,"KINGFISHERS SHIPPING CO., LTD.",https://world-ships.com/company/2b2f19f8df5d6839f83134e60d54114a#.XPxISHeZPwc,"Shandong Zhonglu Oceanic Fisheries Co., Ltd",CHN,"Main Company: Shandong Zhonglu Oceanic Fisheries Company Limited the ultimate parent of SHANDONG ZHONGLU FISHERY SHIPPING CO LTD which owns KINGFISHERS SHIPPING CO., LTD.",http://www.hoovers.com/company-information/cs/company-profile.shandong_zhonglu_fishery_shipping_coltd.7d4af5ae4fc0eb01.html  https://world-ships.com/company/2b2f19f8df5d6839f83134e60d54114a#.XPxISHeZPwc  https://world-ships.com/company/bc20553ee112bcb8952b7e925e29d20e#.XPxI8HeZPwc  https://www.bloomberg.com/research/stocks/private/snapshot.asp?privcapId=304531748,NA
371335000,HAIFENG628,PAN,8317356,3FE06,carrier,138.38,6268,5995,MEXON SHIPPING,"CARE OF CHINA NATIONAL FISHERIES CORP (CNFC) , 19TH FLOOR, 188, NANSIHUAN XILU, FENGTAI QU, BEIJING, 100160, CHINA.",CHN,23,23,1,MEXON SHIPPING LTD,GFW,MEXON SHIPPING LTD,https://world-ships.net/company/6f7669cd89a6bb4cb388f3091f7cd5b7,"China National Agricultural Development Group Co., Ltd",CHN,"Main Company: China National Fisheries Corporation Majority Shareholder: China National Agricultural Development Group Co., Ltd",https://world-ships.net/company/6f7669cd89a6bb4cb388f3091f7cd5b7,NA
371596000,HAIGONGYOU303,PAN,9031507,3EVX5,bunker,104,4989,3655.4,GOLD DYNASTY FISHERIES DEVELOPMENTS,"ROOMS 2006-8, 20/F., TWO CHINACHEM EXCHANGE SQUARE, 338 KING’S ROAD, NORTHPOINT, HK.",HKG,57,57,1,GOLD DYNASTY FISHERY DEVELOPMENTS LIMITED - CHINA,GFW,GOLD DYNASTY FISHERY DEVELOPMENTS LIMITED,https://world-ships.com/company/a5888b207a1636b7130e05857e2e3dff#.XPwnmNNKjaY,HUAYANG MARITIME CENTER HMC,CHN,"HUAYANG MARITIME CENTER HMC owns GOLD DYNASTY FISHERY DEVELOPMENTS LIMITED: Other subsidiaries: Huayang (Hong Kong) Shipping Co., Ltd",https://world-ships.com/company/a5888b207a1636b7130e05857e2e3dff#.XPwnmNNKjaY  https://world-ships.com/company/ea9e9dd0bff9fe266517a7177da57a31#.XPwns9NKjaY  https://www.ccamlr.org/en/node/89531  https://www.huayangmaritime.com.cn/en/orgStructure.jhtml  https://www.huayangmaritime.com.cn/en/newsList/1371.jhtml,NA
371717000,HAIFENG698,PAN,8422711,3FSJ2,carrier,152.94,12398,7600,HUA HONG SHIPPING,"CARE OF ZHONGYU GLOBAL SEAFOOD CORP , 7TH FLOOR, BUILDING 19, BLOCK 18, 188, NANSIHUAN XILU, FENGTAI QU, BEIJING, 100160, CHINA.",CHN,45,45,1,HUA HONG SHIPPING LTD,GFW,HUA HONG SHIPPING LTD,https://world-ships.net/company/04f41a946460890a6142ab32d26a045e#.XPwzK3eZPwc,"China National Agricultural Development Group Co., Ltd",CHN,"Main Company: ZHONGYU GLOBAL SEAFOOD CORP which is owned by CNFC China National Fisheries Corporation Majority Shareholder: China National Agricultural Development Group Co., Ltd",https://world-ships.net/company/04f41a946460890a6142ab32d26a045e#.XPwzK3eZPwc  https://world-ships.net/company/263cc011af1eff98688be150943ba35a#.XPwzRHeZPwc  Address for Zhong Yu is the address for CNFC   https://www.bloomberg.com/research/stocks/private/snapshot.asp?privcapId=30421017    https://www.iattc.org/VesselRegister/VesselDetails.aspx?VesNo=7071&Lang=en,NA
371718984,DAFENGMARINER,PAN,8319031,3FIO6,carrier,85.68,3170,2909,HONGKONG HE YUE SHIPPING,"CARE OF FUZHOU LUCKY OCEAN SHIPPING SERVICES CO LTD, ROOM 404, BUILDING 10, ANPING XIAOQU, WUYI ZHONGLU, TAIJIANG QU, FUZHOU, FUJIAN, CHINA.",HKG,1,1,1,HONGKONG HE YUE SHIPPING LTD,GFW,HONGKONG HE YUE SHIPPING LTD,https://world-ships.net/company/77640d12c7954e8a7833891a96520ffd#.XPwx2XeZPwc,FUZHOU LUCKY OCEAN SHIPPING SERVICES CO LTD,CHN,Main Company: FUZHOU LUCKY OCEAN SHIPPING SERVICES CO LTD,https://www.imarine.cn/thread-268712-1-1.html https://world-ships.net/company/103bea2731f65a2ff09c67a03dfcc490#.XPwyE3eZPwc  https://world-ships.net/company/77640d12c7954e8a7833891a96520ffd#.XPwx2XeZPwc,NA
371719000,DAFENGMARINER,PAN,8319031,3FIO6,carrier,85.68,3170,2909,HONGKONG HE YUE SHIPPING,"CARE OF FUZHOU LUCKY OCEAN SHIPPING SERVICES CO LTD, ROOM 404, BUILDING 10, ANPING XIAOQU, WUYI ZHONGLU, TAIJIANG QU, FUZHOU, FUJIAN, CHINA.",HKG,4,4,1,NA,NA,NA,NA,NA,NA,NA,NA,NA
371727000,RYOMA,PAN,9133305,3ELZ5,carrier,120.75,4493,2993,JONG SHYN SHIPBUILDING,NO. 77 SHANGZHU LANE QUIJIN DISTRICT KAOHSIUNG CITY 805 TAIWAN (R.O.C.),TWN,72,72,1,JONG SHYN SHIPBUILDING CO LTD,GFW,JONG SHYN SHIPBUILDING CO LTD,https://www.bloomberg.com/profile/company/7816825Z:TT  https://world-ships.net/company/f693ddef0d03ddbb933309a94df299ae#.XPxFTHeZPwc  https://en.wikipedia.org/wiki/Jong_Shyn_Shipbuilding_Company  https://fis.com/fis/companies/details.asp?l=e&company_id=89015,JONG SHYN SHIPBUILDING CO LTD,TWN,"Subsidiary: Jade Shipbuilding Co.,Ltd.",https://fis.com/fis/companies/details.asp?l=e&company_id=89015,NA
372033000,SHUNHANG,PAN,8214645,H3DE,carrier,94.2,3321,3347,SHUNHANG INTERNATIONAL SHIPPING,"ROOM 2502, TECHNOLOGICAL REAL STATE BUILDING, DONGHAI WEST ROAD, NO. 2121, GOUSHAN STREET, PUTUO, ZHOUZHAN, CHINA",CHN,8,8,1,"SHUNHANG INTERNATIONAL SHPG CO (EFFECTIVE 2017-01) IMO COMPANY NUMBER 5966311 NATIONALITY OF REGISTRATION HONG KONG, CHINA",GFW,EAST MARITIME SERVICES CO LTD,https://world-ships.com/company/da08c0d404a320793693a5c9480b84ab#.XP6y9NNKjaY  https://world-ships.net/company/c99d878cd80afeb4e4fa676253a22898#.XP7XB3eZPwc,EAST MARITIME SERVICES CO LTD,MYS,NA,NA,Potentially connected to EAST MARITIME SERVICES SA but could not be connected using open source data
372107000,FRIOOLYMPIC,PAN,8801802,3FTF9,carrier,133.59,8487,7945,MARESOL NAVIGATION,80 BROAD STREET MOROVIA-LIBERIA,LBR,1,1,1,MARESOL NAVIGATION SA,GFW,MARESOL NAVIGATION SA,https://world-ships.net/company/fe9132e68dcc973bf8721edd41c4e35a,Laskaridis Shipping Co. Ltd.,GRC,MARESOL NAVIGATION SA is owned by Lavinia Corp which is a subsidiary of Laskaridis Shipping Co. Ltd.,https://world-ships.net/company/fe9132e68dcc973bf8721edd41c4e35a https://www.fis.com/fis/companies/details.asp?l=e&company_id=69587  https://www.fis.com/fis/companies/details.asp?l=e&company_id=159046  https://www.bloomberg.com/research/stocks/private/snapshot.asp?privcapId=25216789  https://www.bloomberg.com/research/stocks/private/snapshot.asp?privcapid=25238439,NA
372387000,HUAJIAN107,PAN,8421298,3FHN6,carrier,100.98,4238,3501,UNITED OCEAN SHIP MANAGEMENT,ROOM 2105 JFZ1419 TREND CENTRE 29-31 CHEUNG LEE STREET CHAI WAN,HKG,2,2,1,NA,NA,NA,NA,NA,NA,NA,NA,NA
372523000,ANGEL33,PAN,9011404,3FZT7,bunker,124,7916,3310,SAILING PROSPER,"P.O. BOX 957, OFFSHORE INCORPORATIONS CENTRE, ROAD TOWN, TORTOLA, BRITISH VIRGIN ISLAND",VGB,23,18,0.78,"SAILING PROSPER LTD (EFFECTIVE 2016-04-15) IMO COMPANY NUMBER 5607471 NATIONALITY OF REGISTRATION VIRGIN ISLANDS, BRITISH",GFW,SAILING PROSPER LTD,https://world-ships.net/company/95aaf9090289b3f22ed873ef83d92c00#.XP6sodNKjaY,Winson Oil Trading Pte. Ltd.,SGP,Main Company: WINSON SHIPPING (TAIWAN) CO LTD which is owned by Winson Oil Trading Pte. Ltd. (address matched),https://world-ships.net/company/95aaf9090289b3f22ed873ef83d92c00#.XP6sodNKjaY  https://world-ships.net/company/f70879d054cf115be227699d91af0f04#.XPwg4dNKjaY  http://www.hoovers.com/company-information/cs/company-profile.winson_shipping_(taiwan)_co_ltd.6c9abbcaa99842d0.html?aka_re=1  http://www.winsonoil.com/contactUs.asp,NA
372538000,HUANYU1,PAN,8618865,3EKK9,carrier,137,7212,5660,WIN RAY INVESTMENT GROUP,"HONG KONG, CHINA.",HKG,1,1,1,WIN RAY INVESTMENT GROUP CO,GFW,WIN RAY INVESTMENT GROUP CO,https://world-ships.com/company/6be367173933b229d970f96b170cb142#.XP6-U9NKjaY,GREATSOURCES SHIPPING CONSULTANTS LTD,CHN,Main Company: GREATSOURCES SHIPPING CONSULTANTS LTD,https://world-ships.com/company/6be367173933b229d970f96b170cb142#.XP6-U9NKjaY https://world-ships.com/company/79d507c4f40c7172e5b9891573d7c27a#.XPwv19NKjaY  https://www.imarine.cn/thread-268197-1-1.html,NA
372768000,FULLKUOSHIN,PAN,8604967,3EZA5,carrier,88.43,2525,1939.6,FULL KUO,"RM215, NO.3 YU KANG EAST 2ND RD., CIANJHEN DIST., KAOHSIUNG",TWN,74,74,1,NA,NA,NA,NA,NA,NA,NA,NA,NA
372942000,HOUTAMARU,PAN,9003158,3ERI4,carrier,96.94,3519,2942,PANAMA TRL,"JUSTO AROSEMENA AVENUE & 32ND ST. 3-32, PANAMA",PAN,6,5,0.83,PANAMA TRL SA (EFFECTIVE 1995-01) IMO COMPANY NUMBER 1598746 NATIONALITY OF REGISTRATION PANAMA,GFW,PANAMA TRL SA,https://world-ships.net/company/d5803ea59ef66ca9db115aa91a6caeec#.XP1v8NNKjaY,"OCEAN, K.K.",JPN,"Main Company: OCEAN, K.K. which owns TOEI REEFER LINE LTD",http://www.hoovers.com/company-information/cs/company-profile.ocean_kk.d353b1d2ca94c708.html  https://www.bloomberg.com/research/stocks/private/snapshot.asp?privcapId=5759915  https://world-ships.net/company/449d59a10ca80891d87579fb1d001d42#.XP1wIdNKjaY  https://world-ships.net/company/d5803ea59ef66ca9db115aa91a6caeec#.XP1v8NNKjaY  http://www.hoovers.com/company-information/cs/company-profile.toei_reefer_line_ltd.7e059a894e7a842a.html  https://www.fis.com/fis/companies/details.asp?l=e&filterby=companies&letter=t&page=75&company_id=43&country_id=,NA
373039000,HAIFENG688,PAN,9016985,3FDH6,carrier,152.94,12413,7600,PACIFIC VENTURE DEVELOPMENT,"CARE OF CHINA NATIONAL FISHERIES CORP (CNFC) , 19TH FLOOR, 188, NANSIHUAN XILU, FENGTAI QU, BEIJING, 100160, CHINA.",CHN,43,43,1,PACIFIC VENTURE DEVELOPMENT,GFW,PACIFIC VENTURE DEVELOPMENT,https://world-ships.net/company/803e63c3a6fc1da7715c3fd66020dae9#.XP1vK9NKjaY,"China National Agricultural Development Group Co., Ltd",CHN,"Main Company: China National Fisheries Corporation Majority Shareholder: China National Agricultural Development Group Co., Ltd",https://world-ships.net/company/803e63c3a6fc1da7715c3fd66020dae9#.XP1vK9NKjaY,NA
373451000,ZEFYROSREEFER,PAN,8916748,3FPL2,carrier,133.59,8483,7760,OLYMPUS MARINE,"""C/O ATLAS CORPORATION LIMITED 1ST FLOOR, INTERNATIONAL BLDG LINI HIGHWAY PORT VILA, VANUATU""",VUT,15,14,0.93,OLYMPUS MARINE LTD,GFW,OLYMPUS MARINE LTD,https://world-ships.net/company/f0308dcdaf76ad7d5feab34921efe344#.XP1um9NKjaY,BALTMED REEFER SERVICES LTD,GRC,Main Company: BALTMED REEFER SERVICES LTD,https://world-ships.net/company/f0308dcdaf76ad7d5feab34921efe344#.XP1um9NKjaY  https://world-ships.net/company/7fe66954a759aa4e450756566606f9a5#.XP1uttNKjaY  http://www.hoovers.com/company-information/cs/company-profile.baltmed_reefer_service_ltd.20e00537525b04a5.html  https://panjiva.com/Baltmed-Reefer-Services-Ltd/39156111,NA
373914000,ANGEL202,PAN,9083952,3FNC4,bunker,79.75,1985,2184.29,KEEP MOVING HOLDINGS,"VISTRA CORPORATE SERVICES CENTRE WICKHAMS CAY 11 ROAD TOWN, TORTOLA, VG 1110 ISLAS BRITANICAS",VGB,59,25,0.42,"KEEP MOVING HOLDINGS LTD (EFFECTIVE 2017-05-26) IMO COMPANY NUMBER 5986359 NATIONALITY OF REGISTRATION VIRGIN ISLANDS, BRITISH",GFW,KEEP MOVING HOLDINGS LTD,https://world-ships.net/company/9c9c38727b9ca35e2c0345c17de49884#.XPxHC3eZPwc,Winson Oil Trading Pte. Ltd.,SGP,Main Company: Winson Oil Trading Pte Ltd,https://world-ships.net/company/9c9c38727b9ca35e2c0345c17de49884#.XPxHC3eZPwc  https://world-ships.com/company/8b7882b4376056bcc5e5156a22c38047#.XPxHeneZPwc,NA
373939000,ANGEL201,PAN,9058593,3FCT,bunker,84.21,2030,2059,SEA UNIVERSE HOLDINGS,"VISTRA CORPORATE SERVICES CENTRE, WICKHAMS CAY II, ROAD TOWN, TORTOLA VG1110, BRITISH VIRGIN ISLANDS.",VGB,65,37,0.57,"SEA UNIVERSE HOLDINGS LTD (EFFECTIVE 2015-11-18) IMO COMPANY NUMBER 5895026 NATIONALITY OF REGISTRATION VIRGIN ISLANDS, BRITISH",GFW,SEA UNIVERSE HOLDINGS LTD,http://www.winsonoil.com/vessels_2.asp,Winson Oil Trading Pte. Ltd.,SGP,NA,https://www.bloomberg.com/research/stocks/private/snapshot.asp?privcapId=108906926 http://www.winsonoil.com/map.asp,NA
374014000,PONTOS,PAN,8908739,HONN,carrier,79.69,1610,1113.03,MAGIC PRESTIGE GROUP,NO. 56-13 YUGANG E. 2ND ROAD QIANZHEN DISTRICT KAOHSIUNG TAIWAN R.O.C.,TWN,39,39,1,MAGIC PRESTIGE GROUP SA,GFW,MAGIC PRESTIGE GROUP SA,https://world-ships.net/company/aac283ce1e10e2ee72db1b1e2439866a  https://opencorporates.com/companies/pa/155593308,MAGIC PRESTIGE GROUP SA,TWN,NA,NA,NA
374048000,SHINHOCHUN101,PAN,9220653,3FRF9,carrier,95.2,2495,2461.8,TUNAGO SHIPPING,ROOM 317 NO. 3 YU KANG EAST 2ND ROAD KAOSHIUNG 806 TAIWAN,TWN,16,16,1,TUNAGO SHIPPING CO LTD,GFW,TUNAGO SHIPPING CO LTD,https://world-ships.net/company/7057910f98f35440c5b934b1b0240564#.XP64N9NKjaY  https://www.vesselsvalue.com/company/36843/TUNAGO-SHIPPING-CO-LTD,TUNAGO SHIPPING CO LTD,TWN,NA,NA,NA
374140000,SHINHOCHUN102,PAN,9262182,3FEQ5,carrier,95.2,2900,2461.8,TUNAGO SHIPPING,ROOM 317 NO. 3 YU KANG EAST 2ND ROAD KAOSHIUNG 806 TAIWAN,TWN,25,25,1,NA,NA,NA,NA,NA,NA,NA,NA,NA
374173000,HANXING,PAN,9586332,3FYT4,carrier,83,1998,735,HAN SJ,"STREET ADDRESS Nº103 HOU AO, SHI ZHU TOU FISHING VILLAGE, LIU HENG, PUTOU DISTRICT, ZHOUSHAN CITY, ZHEJIANG PROVINCE, CHINA",CHN,5,5,1,HAN SJ,GFW,"SMART FORTUNE SHIPPING CO., LTD",https://www.hongkongcompany.net/companies/iegoabc/  https://world-ships.com/company/5be5af4d10e287225239301f1404c4a2#.XPwtqdNKjaY  https://world-ships.com/company/21c8c8cd4f2f7438a8bc45f096fc48ef#.XPwt7tNKjaY,"SMART FORTUNE SHIPPING CO., LTD",CHN,NA,NA,NA
374198000,HAIFENG718,PAN,9135169,3FIC4,carrier,134.74,8896,9621,CHINA KINGDOM SHIPPING,"CARE OF CHINA NATIONAL FISHERIES CORP (CNFC) , 19TH FLOOR, 188, NANSIHUAN XILU, FENGTAI QU, BEIJING, 100160, CHINA.",CHN,75,75,1,CHINA KINGDOM SHIPPING LTD,GFW,CHINA KINGDOM SHIPPING LTD,https://world-ships.com/company/b312bd976a8e56a343a8b6b91f6a7655#.XA7OXZNKjwc,"China National Agricultural Development Group Co., Ltd",CHN,"Main Company: China National Fisheries Corporation Majority Shareholder: China National Agricultural Development Group Co., Ltd",https://world-ships.com/company/b312bd976a8e56a343a8b6b91f6a7655#.XA7OXZNKjwc,NA
374198000,HAIFENG718,PAN,9135169,3FIC4,carrier,134.74,8896,9621,CHINA KINGDOM SHIPPING,"CARE OF CHINA NATIONAL FISHERIES CORP (CNFC) , 19TH FLOOR, 188, NANSIHUAN XILU, FENGTAI QU, BEIJING, 100160, CHINA.",CHN,75,75,1,"CHINA KINGDOM SHIPPING LTD (EFFECTIVE 2015-11) IMO COMPANY NUMBER 5517629 NATIONALITY OF REGISTRATION HONG KONG, CHINA",GFW,CHINA KINGDOM SHIPPING LTD,https://world-ships.com/company/b312bd976a8e56a343a8b6b91f6a7655#.XA7OXZNKjwc,"China National Agricultural Development Group Co., Ltd",CHN,"Main Company: China National Fisheries Corporation Majority Shareholder: China National Agricultural Development Group Co., Ltd",https://world-ships.com/company/b312bd976a8e56a343a8b6b91f6a7655#.XA7OXZNKjwc,NA
374290000,MINGHANG8,PAN,8224432,HPNW,carrier,149.03,9092,5648,MINGHANG INTERNATIONAL HKG,"UNIT E88, 3RD FLOOR, WING TAT COMMERCIAL BUILDING, 97, BONHAM STRAND EAST, SHEUNG WAN, HONG KONG, CHINA.",HKG,32,32,1,NA,NA,NA,NA,NA,NA,NA,NA,NA
374321000,IRISREEFER,PAN,8513039,3FGM3,carrier,126,5578,5251,SEAVIEW MARITIME,"CARE OF BALTMED REEFER SERVICES LTD , 5, XENIAS STREET & CHARILAOU TRIKOUPI, KIFISIA, 145 62 ATHENS, GREECE.",PAN,1,1,1,SEAVIEW MARITIME SA,GFW,SEAVIEW MARITIME SA,https://world-ships.net/company/40faf5eb0d009a2fe55cffa711a4f478#.XP6s6dNKjaY,BALTMED REEFER SERVICES LTD,GRC,Main Company: BALTMED REEFER SERVICES LTD,https://world-ships.net/company/40faf5eb0d009a2fe55cffa711a4f478#.XP6s6dNKjaY  https://world-ships.net/company/7fe66954a759aa4e450756566606f9a5#.XP1uttNKjaY  http://www.hoovers.com/company-information/cs/company-profile.baltmed_reefer_service_ltd.20e00537525b04a5.html  https://panjiva.com/Baltmed-Reefer-Services-Ltd/39156111,NA
374410000,YONGXIANG8,PAN,8609280,3EML7,carrier,144.5,7286,6140,YONGXIANG HONG KONG,"CARE OF EAST MARITIME SERVICES CO LTD , VIA ESPANA & CALLE GABRIELA MISTRAL, 10, LA CRESTA, PANAMA CITY, PANAMA.",PAN,19,19,1,YONGXIANG HONG KONG CO LTD,GFW,YONGXIANG HONG KONG CO LTD,https://world-ships.net/company/693956110812bc3fd9b872beba6be076#.XP14DtNKjaY  https://www.vesselsvalue.com/company/42622/YONGXIANG-HONG-KONG-CO-LTD/   https://www.hkcompanydir.com/companies/hong-kong-yongxiang-group-share-co-limited/,YONGXIANG HONG KONG CO LTD,HKG,NA,NA,NA
374445000,QIHANG,PAN,8609292,3EAT9,carrier,144.5,7286,6140,QIHANG INTERNATIONAL SHPG MAI,"CARE OF EAST MARITIME SERVICES CO LTD , VIA ESPANA & CALLE GABRIELA MISTRAL, 10, LA CRESTA, PANAMA CITY, PANAMA.",PAN,68,68,1,QIHANG INTERNATIONAL SHPG-MAI,GFW,EAST MARITIME SERVICES CO LTD,https://world-ships.com/company/f2e47f57163f5d502bc97c55ccfb2781#.XP10s9NKjaY  https://world-ships.net/company/c99d878cd80afeb4e4fa676253a22898#.XP7XB3eZPwc,EAST MARITIME SERVICES CO LTD,MYS,NA,NA,Potentially connected to EAST MARITIME SERVICES SA but could not be connected using open source data
374446000,HARU,PAN,9241932,3EHZ8,carrier,120.75,4521,2993,WORLD FISH ENTERPRISE,NO. 8 CHIEN CHIN 1ST STREET CHIEN JENN DISTRICT KAOHSIUNG TAIWAN,TWN,60,60,1,WORLD FISH ENTERPRISE CO LTD,GFW,WORLD FISH ENTERPRISE CO LTD,https://world-ships.net/company/e218a5ac572881359711111e4eff7ee3#.XP68G9NKjaY  https://www.vesselsvalue.com/company/61471/WORLD-FISH-ENTERPRISE-CO-LTD,WORLD FISH ENTERPRISE CO LTD,TWN,NA,NA,NA
374610000,HAIFENG678,PAN,9016961,3FCO5,carrier,144.4,12413,7706.18,RONG FU SHIPPING,"UNIT 201, 2/F, MALYSIA BUILDING, 50 GLOUCESTER ROAD, WANCHAI, HONG KONG, CHINA",HKG,49,49,1,RONG FU SHIPPING LTD,GFW,RONG FU SHIPPING LTD,https://world-ships.net/company/58ad918d38f0a84076d9968588ed4989#.XP6sBtNKjaY,"China National Agricultural Development Group Co., Ltd",CHN,Main Company: ZHONGYU GLOBAL SEAFOOD CORP which is owned by CNFC China National Fisheries Corporation,https://world-ships.net/company/58ad918d38f0a84076d9968588ed4989#.XP6sBtNKjaY  https://world-ships.net/company/263cc011af1eff98688be150943ba35a#.XPwzRHeZPwc  Address for Zhong Yu is the address for CNFC   https://www.bloomberg.com/research/stocks/private/snapshot.asp?privcapId=30421017    https://www.iattc.org/VesselRegister/VesselDetails.aspx?VesNo=7071&Lang=en,NA
374612000,YONGXIANG7,PAN,8410586,3FXQ9,carrier,158.53,12660,14570,YONGXIANG HONG KONG,UNIT 2209 22/F WU CHUNG HSE 213 QUEEN&APOS;S RD EAST WANCHAI HK,HKG,25,25,1,"YONGXIANG HONG KONG CO LTD (EFFECTIVE 2015-06-16) IMO COMPANY NUMBER 5597121 NATIONALITY OF REGISTRATION HONG KONG, CHINA",GFW,YONGXIANG HONG KONG CO LTD,https://world-ships.net/company/693956110812bc3fd9b872beba6be076#.XP14DtNKjaY  https://www.vesselsvalue.com/company/42622/YONGXIANG-HONG-KONG-CO-LTD/   https://www.hkcompanydir.com/companies/hong-kong-yongxiang-group-share-co-limited/,YONGXIANG HONG KONG CO LTD,HKG,NA,NA,NA
374644000,ANGEL121,PAN,8907266,3FWX7,bunker,104.31,4995,3605,HAPPY GLOBE,"VISTRA CORPORATE SERVICES CENTRE, WICKHAMS CAY II, ROAD TOWN, TORTOLA VG 1110, BRITISH VIRGIN ISLANDS.",VGB,100,14,0.14,NA,NA,NA,NA,NA,NA,NA,NA,NA
374670000,OCEANTOPAZ,PAN,9171503,3EEC9,bunker,176,29289,8561,EVER KEY,"P.O. BOX 957, OFFSHORE INCORPORATIONS CENTRE, ROAD TOWN, TORTOLA, BRITISH VIRGIN ISLANDS",VGB,108,57,0.53,"EVER KEY LTD (EFFECTIVE 2016-03-15) IMO COMPANY NUMBER 5668190 NATIONALITY OF REGISTRATION VIRGIN ISLANDS, BRITISH",GFW,EVER KEY LTD,https://world-ships.net/company/5e5f10c87c846e78024ad516bc46de05#.XPwlU9NKjaY,Winson Oil Trading Pte. Ltd.,SGP,Main Company: WINSON SHIPPING (TAIWAN) CO LTD which is owned by Winson Oil Trading Pte. Ltd. (address matched),https://world-ships.net/company/5e5f10c87c846e78024ad516bc46de05#.XPwlU9NKjaY  https://world-ships.net/company/f70879d054cf115be227699d91af0f04#.XPwg4dNKjaY  http://www.hoovers.com/company-information/cs/company-profile.winson_shipping_(taiwan)_co_ltd.6c9abbcaa99842d0.html?aka_re=1  http://www.winsonoil.com/contactUs.asp,NA
374723000,YUNRUN3,PAN,9161613,HOAZ,carrier,86.09,2713,1471,FENGRUN SHIPPING,TOWER 1 15/F LIPPO CENTRE QUEENSWAY HONG KONG,HKG,55,55,1,FENGRUN SHIPPING CO LTD,GFW,FENGRUN SHIPPING CO LTD,https://world-ships.com/company/25b2931120672616d63f42669c552ed3#.XPwmc9NKjaY  https://www.vesselsvalue.com/company/40686/FENGRUN-SHIPPING-CO-LTD,FENGRUN SHIPPING CO LTD,CHN,NA,NA,NA
374734000,HAIGONGYOU309,PAN,9153214,3ERA8,bunker,128.86,8930,5280,PACIFIC VENTURE DEVELOPMENT,"CARE OF CHINA NATIONAL FISHERIES CORP (CNFC) , 19TH FLOOR, 188, NANSIHUAN XILU, FENGTAI QU, BEIJING, 100160, CHINA.",CHN,69,69,1,"PACIFIC VENTURE DEVELOPMENT (EFFECTIVE 2016-03-23) IMO COMPANY NUMBER 5517646 NATIONALITY OF REGISTRATION HONG KONG, CHINA",GFW,PACIFIC VENTURE DEVELOPMENT,https://world-ships.net/company/803e63c3a6fc1da7715c3fd66020dae9#.XP1vK9NKjaY,"China National Agricultural Development Group Co., Ltd",CHN,"Main Company: China National Fisheries Corporation Majority Shareholder: China National Agricultural Development Group Co., Ltd",https://world-ships.net/company/803e63c3a6fc1da7715c3fd66020dae9#.XP1vK9NKjaY,NA
374762000,LADYTUNA,PAN,9453418,3EQX2,carrier,120.75,4538,2993,WANG TAT,"56 BUKIT BATOK EAST AVE. 5, REGENT HEIGHTS CONDO #25-03, SINGAPORE 659804",SGP,22,22,1,WANG TAT CORP PTE LTD,GFW,"Wang Tat Corporation PTE, Ltd.",https://world-ships.net/company/930057685fe59a1757c0202d21cacc77#.XP7RoneZPwc  https://www.vesselsvalue.com/company/36814/WANG-TAT-CORP-PTE-LTD  https://www.maritimedex.com/company/wang-tat-corp-pte-ltd/  https://www.infobel.com/fr/singapore/wang_tat_corporation_pte_ltd/bukit_batok/SG100086194-68610558/businessdetails.aspx  https://www.sgpbusiness.com/company/Wang-Tat-Corporation-Pte-Ltd,"Wang Tat Corporation PTE, Ltd.",SGP,NA,NA,NA
377906047,BARANA,VCT,8707159,J8PV5,carrier,78.2,1917,1491.4,UP WORLD TRADING,"LEVEL 2, LOTEMAU CENTRE, VAEA STREET",WSM,4,4,1,UP WORLD TRADING CO LTD (EFFECTIVE 2007-08-29) IMO COMPANY NUMBER 4205810 NATIONALITY OF REGISTRATION SAMOA,GFW,UP WORLD TRADING CO LTD,https://world-ships.net/company/28b727a9c9df1149cd437f26a37ab729#.XP65ONNKjaY,UP WORLD TRADING CO LTD,WSM,NA,NA,Limited information found on this corporate actor
412203740,TAIXIANG,CHN,9005625,BAPI,carrier,84.02,1950,1471,LIAOYU GROUP,DALIANWAN GANJINGZI DISTR. DALIAN CITY.CHINA,CHN,2,2,1,NA,NA,NA,NA,NA,NA,NA,NA,NA
412331177,LUWENYUANYUYUN888,CHN,8785943,BCFH,carrier,91,3312,NA,WENDENG KUN AN FISHERIES,"WENDENG, SHANDONG, CHINA.",CHN,4,4,1,NA,NA,NA,NA,NA,NA,NA,NA,NA
412331208,LUWEIYUANYUYUN777,CHN,8782654,BBIT7,carrier,97.33,3563,NA,WEIHAI HUANHAI AQUATIC,"55, HUAYUAN LU, HUANCUI QU, WEIHAI, SHANDONG, CHINA.",CHN,27,27,1,NA,NA,NA,NA,NA,NA,NA,NA,NA
412331493,LURONGYUANYUYUN899,CHN,8789597,BCFI8,carrier,90,3444,2206,NA,NA,NA,2,2,1,"NA",NA,NA,NA,NA,NA,NA,NA,NA
412336769,LURONGYUANYUYUN177,CHN,9860130,BZTT9,carrier,108,5005,2431,SHIDAO GROUP,"118, HUANGHAI NANLU, SHIDAOZHEN, RONGCHENG, SHANGDONG, CHINA.",CHN,14,14,1,NA,NA,NA,NA,NA,NA,NA,NA,NA
412401230,MINGFA,CHN,9160097,BKUI,carrier,77.52,2028,1324,CNFC OVERSEAS FISHERIES,"1, XINGHAI LU, SHENJIAMEN JIEDAO, PUTUO QU, ZHOUSHAN, ZHEJIANG, CHINA.",CHN,7,7,1,NA,NA,NA,NA,NA,NA,NA,NA,NA
412420329,XINZHOU,CHN,8307272,BZ6VD,carrier,NA,8813,5593,NA,NA,NA,27,27,1,"NA",NA,NA,NA,NA,NA,NA,NA,IMO MT
412421073,PINGTAIRONGLENG1,CHN,9834894,BZW8K,carrier,107.9,4571,3500,PING TAI RONG OCEAN FISHERIES GROUP,FLOOR 10-11TH PUTUO MARINE & FISHERIES BUILDING NO. 9 WEST DONGHAI ROAD SHENJIAMEN STREET PUTUO DISTRICT ZHOUSHAN CITY CHINA,CHN,26,26,1,NA,NA,NA,NA,NA,NA,NA,NA,NA
412421074,PINGTAIRONGLENG2,CHN,9839363,BZW9K,carrier,107.9,4571,3500,PING TAI RONG OCEAN FISHERIES GROUP,FLOOR 10-11TH PUTUO MARINE & FISHERIES BUILDING NO. 9 WEST DONGHAI ROAD SHENJIAMEN STREET PUTUO DISTRICT ZHOUSHAN CITY CHINA,CHN,47,46,0.98,NA,NA,NA,NA,NA,NA,NA,NA,NA
412421088,JINZHOU,CHN,9844514,BZW5N,carrier,NA,7931,7931,ZHOUSHAN JINHAI DEEP SEA,"ROOMS 1108 & 1109, 82, CHANGZHENG LU, DONGGANG JIEDAO, PUTUO QU, ZHOUSHAN, ZHEJIANG, CHINA.",CHN,63,63,1,"ZHOUSHAN JINHAI DEEP-SEA (EFFECTIVE 2017-08-20) IMO COMPANY NUMBER 4231127 NATIONALITY OF REGISTRATION CHINA, PEOPLE'S REPUBLIC OF",GFW,"Zhoushan Jinhai Deep Sea Fishing Co., Ltd.",https://panjiva.com/Zhoushan-Jinhai-Deep-Sea-Fishing-Co-Ltd/34849101     https://world-ships.com/company/08264e25cfabb2c495b97b0fdef0a4f1#.W_wYBZNKjwc   http://www.chaojixinxi.com/waimaogongsi/show.php?id=243853,"Zhoushan Jinhai Deep Sea Fishing Co., Ltd.",CHN,NA,NA,Addresses in links differ but all in the same city Vessel Name: Checked with Marine Traffic
412423656,PUYUANLENG7,CHN,8693190,BZV8S,carrier,91,2998,2206,NA,NA,NA,7,7,1,NA,NA,NA,NA,NA,NA,NA,NA,NA
412436952,OUYALENG6,CHN,8782862,BZW7A,carrier,93.98,3289,2100,NINGBO EURASIAN OCEAN FISHERIES,"CHUANJI, HEPUZHEN, XIANGSHAN XIAN, ZHEJIANG, CHINA.",CHN,25,25,1,NA,NA,NA,NA,NA,NA,NA,NA,NA
412440239,FUYUANYULENG36,CHN,8791734,BZU4P,carrier,85.37,2510,1912,FUJIAN CHANGFENG FISHERIES,26-1602 SHENGTAOSHA GARDEN TAIJIANG FUZHOU CHINA,CHN,10,10,1,NA,NA,NA,NA,NA,NA,NA,NA,NA
412440364,FUYUANYUYUN87,CHN,NA,BVMO5,carrier,91,3014,NA,NA,NA,NA,10,10,1,"NA",NA,NA,NA,NA,NA,NA,NA,NA
415518424,LIANCHUANSHENG66,TWN,7305722,BEGE,carrier,105.3,2944,4028.4,TAI FU OCEAN,"NO.67, TIANHOU ST., CIANJHEN DISTRICT, KAOHSIUNG CITY 806, TAIWAN",TWN,28,28,1,TAI FU OCEAN CO LTD,GFW,TAI FU OCEAN CO LTD,https://world-ships.net/company/f8b01bf6925d09bd513409ef2a58151c#.XP605NNKjaY http://www.hoovers.com/company-information/cs/company-profile.tai_fu_ocean_co_ltd.2b44123064ad1d23.html  https://en.52wmb.com/buyer/24911158,TAI FU OCEAN CO LTD,TWN,NA,NA,NA
416064900,FENGHAI1,TWN,8676300,BZHY,carrier,51.33,492,969.8,LIN C Y,"103, BO'AI STREET, DONGGANG TOWNSHIP, PINGTUNG COUNTY, CHINA, REPUBLIC OF (TAIWAN)",TWN,28,28,1,LIN C-Y (EFFECTIVE 2017-01-01) IMO COMPANY NUMBER 4243473 NATIONALITY OF REGISTRATION CHINESE TAIPEI,GFW,CHIH-YUNG LIN,https://world-ships.net/company/deb88e51a6691c40a2fdf0bd59dfe528#.XCkesHeZPwc,NA,NA,NA,NA,World ships link found for owner name but not a corporate actor
416110700,HOYUAN,TWN,7121956,BI2039,carrier,70.34,992,1342.8,HER SHUEN FISHERIES,"4TH FLOOR, 41, LANE 710, HANMIN ROAD, XIAOGANG DISTRICT, KAOHSIUNG CITY, 81256, CHINA, REPUBLIC OF (TAIWAN)",TWN,20,20,1,HER SHUEN FISHERY CO LTD (EFFECTIVE 2014-01-01) IMO COMPANY NUMBER 4222941 NATIONALITY OF REGISTRATION CHINESE TAIPEI,GFW,HER SHUEN FISHERY CO LTD,http://www.hoovers.com/company-information/cs/company-profile.her_shuen_fishery_co_ltd.8386a4b82e3ff58a.html  https://world-ships.com/company/24a6583cbb675b32599bd039dc4c8611#.XPwvBtNKjaY,HER SHUEN FISHERY CO LTD,TWN,NA,NA,NA
416308000,CHENYU7,TWN,7930175,BZLY,carrier,77.9,1872,2387.2,CHEN CHI HSIUNG,"NO.987, JIOURU 4TH RD., GUSHAN DISTRICT, KAOHSIUNG CITY 804, TAIWAN",TWN,34,34,1,PAI ZOONG FISHERY,GFW,PAI ZOONG FISHERY CO LTD,https://world-ships.net/company/eabddaba484c4c2181b6a1b8a59fb9c1#.XP1vc9NKjaY  https://www.vesselsvalue.com/company/36834/PAI-ZOONG-FISHERY/,PAI ZOONG FISHERY CO LTD,TWN,NA,NA,NA
416521000,YONGMANSHUN,TWN,7302031,BZCO,carrier,73.3,998,1342.8,FENG SHUN FISHERIES,"9TH FLOOR, 3, HEXI ROAD, YANCHENG DISTRICT, KAOHSIUNG CITY, 80341, CHINA, REPUBLIC OF (TAIWAN)",TWN,15,15,1,FENG SHUN FISHERY CO LTD,GFW,FENG SHUN FISHERY CO LTD,http://www.hoovers.com/company-information/cs/company-profile.feng_shun_fishery_co_ltd.1c9f2fa7ec00915d.html  https://world-ships.net/company/bb7dfe1f5e8971094b1849e2d27f1b81#.XPwl1dNKjaY,FENG SHUN FISHERY CO LTD,TWN,NA,NA,NA
416542000,HERWEN1,TWN,8680442,BEOZ,carrier,95.2,2495,2461.8,HER WEN FISHERIES,"ROOM 316, NO.3, YUGANG E. 2ND RD., CIANJHEN DISTRICT, KAOHSIUNG CITY 806, TAIWAN",TWN,57,57,1,NA,NA,NA,NA,NA,NA,NA,NA,NA
416602000,SHUNTIANFA168,TWN,7323401,BZEJ,carrier,76.8,1095,2014.2,HON SHUN FISHERIES,"11, LANE 82, SONGFU STREET, XIAOGANG DISTRICT, KAOHSIUNG CITY, 81271, CHINA, REPUBLIC OF (TAIWAN)",TWN,26,26,1,HON SHUN FISHERY CO LTD,GFW,HON SHUN FISHERY CO LTD,http://www.hoovers.com/company-information/cs/company-profile.hon_shun_fishery_co_ltd.142a2e59cc41fe16.html  https://world-ships.com/company/820ef9ba7169d42a4e674885d4aef9ff#.XPwvR9NKjaY  https://www.infobel.com/en/taiwan/hon_shun_fishery_co_ltd/xiaogang_district/TW100177067-078133078/businessdetails.aspx  https://thailandfirms.com/new/hong-shun-fishery-co-ltd.ddpf.thailand-company-profile.html,HON SHUN FISHERY CO LTD,TWN,NA,NA,NA
416702000,SHENGHONG,TWN,7920869,BZLL,carrier,77.92,1866,2238,SHENG HONG FISHERIES,NO. 11 LANE 82 SONGFU STREET SIAOGANG DISTRICT KAOHSIUNG CITY 81271 TAIWAN (R.O.C.),TWN,54,54,1,SHENG HONG FISHERY CO LTD,GFW,SHENG HONG FISHERY CO LTD,https://world-ships.com/company/974be9c5b76058e2bfeca04c57a99b99#.XP6uY9NKjaY  http://www.hoovers.com/company-information/cs/company-profile.sheng_hong_fishery_co_ltd.c1d461f13c5d1f57.html,SHENG HONG FISHERY CO LTD,TWN,NA,NA,Addresses in links differ but all in the same city
416730000,LIANJYIHSING,TWN,7234210,BI2037,carrier,71.4,995,1641.2,LIAN JYI HSING MARINE PRODUCTS,"1ST FLOOR, 58, FENGDENG STREET, XIAOGANG DISTRICT, KAOHSIUNG CITY, 81245, CHINA, REPUBLIC OF (TAIWAN)",TWN,12,12,1,"LIAN JYI HSING MARINE PRODUCTS CO., LTD - TAIWAN",GFW,"LIAN JYI HSING MARINE PRODUCTS CO., LTD",http://www.hoovers.com/company-information/cs/company-profile.lian_jyi_hsing_marine_products_co_ltd.0fe9a8f5aeb6cb46.html  https://world-ships.com/company/666aa755806607c20f2fba6c2a9684ae#.XPxJ5neZPwc  https://www.infobel.com/en/taiwan/lian_jyi_hsing_marine_products_co_ltd/qianzhen_district/TW100184582-078411017/businessdetails.aspx,"LIAN JYI HSING MARINE PRODUCTS CO., LTD",TWN,NA,NA,NA
416778000,WINSHUENSHING,TWN,7332713,BECS,carrier,100,3062,4028.4,WIN SHU FISHERIES,"NO.115, MINGDAO RD., CIANJHEN DISTRICT, KAOHSIUNG CITY 806, TAIWAN (R.O.C.)",TWN,31,27,0.87,WIN SHU FISHERY,GFW,WIN SHU FISHERY CO LTD,https://world-ships.com/company/e64c18ce290e669848c40b22ddda387f#.XP69fNNKjaY,WIN SHU FISHERY CO LTD,TWN,NA,NA,Limited information found on this corporate actor
416861000,JINHWEI101,TWN,7323396,BEAP,carrier,76.8,1376,2014.2,JIN HWEI OCEAN ENTERPRISE,"ROOM 316, 3, YUGANG E 2ND ROAD, QIANZHEN DISTRICT, KAOHSIUNG CITY, CHINA, REPUBLIC OF (TAIWAN)",TWN,26,26,1,NA,NA,NA,NA,NA,NA,NA,NA,NA
431201000,TAISEIMARU15,JPN,8710728,7JTK,carrier,124.25,4969,3844.05,TAISEIMARU KAIUN,"5-5, HONMACHI, ISE, MIE, JAPAN",JPN,33,33,1,"TAISEIMARU KAIUN KAISHA,LTD.",GFW,TAISEIMARU KAIUN KK,https://world-ships.net/company/7a37d248fac66c732a6a3e9b1f281714#.XP13WtNKjaY  https://www.bloomberg.com/profile/company/0188356D:JP  http://www.hoovers.com/company-information/cs/company-profile.taiseimaru_kaiun_kaishaltd.235f4ae9346abaf7.html,TAISEIMARU KAIUN KK,JPN,Subsidiaries exist but not open source,http://www.hoovers.com/company-information/cs/company-profile.taiseimaru_kaiun_kaishaltd.235f4ae9346abaf7.html,NA
431678000,TAISEIMARU24,JPN,9086758,JILE,carrier,116.7,4992,4579.05,TAISEIMARU KAIUN,"5-5, HONMACHI, ISE-SHI, MIE-PREF. JAPAN",JPN,34,34,1,TAISEIMARU KAIUN KK,GFW,TAISEIMARU KAIUN KK,https://world-ships.net/company/7a37d248fac66c732a6a3e9b1f281714#.XP13WtNKjaY  https://www.bloomberg.com/profile/company/0188356D:JP  http://www.hoovers.com/company-information/cs/company-profile.taiseimaru_kaiun_kaishaltd.235f4ae9346abaf7.html,TAISEIMARU KAIUN KK,JPN,Subsidiaries exist but not open source,http://www.hoovers.com/company-information/cs/company-profile.taiseimaru_kaiun_kaishaltd.235f4ae9346abaf7.html,NA
440046000,SEIWA,KOR,9021277,DSMA2,carrier,94,2692,2427,GREEN WORLD,"8TH DONGWON BLDG, 70, JUNGANG-DAERO, JUNG-GU, BUSAN, KOREA.",KOR,76,76,1,"GREEN WORLD CO., LTD - SOUTH KOREA",GFW,GREEN WORLD CO LTD,https://www.bloomberg.com/research/stocks/private/snapshot.asp?privcapId=104559238  https://world-ships.com/company/90ec07b568a9c96b723a714925ececfd#.XPwqfNNKjaY  http://www.greenworldcompany.com/eng/main/main.php,GREEN WORLD CO LTD,KOR,NA,NA,In the Dongwon building but cannot find a connection between the companies. Other institutions rent out of the dong won building like an embassy for various countries etc
440080000,NEWGLORY,KOR,9179945,DSRC5,bunker,107.8,3901,3087,SEONGWON SHIPPING,"7F, SEONG-WOO BLDG, 122, JUNGANG-DAERO, JUNG-GU, BUSAN, KOREA",KOR,57,11,0.19,SEONG WON SHIPPING CO. LTD - SOUTH KOREA,GFW,SEONGWON SHIPPING CO. LTD,https://world-ships.net/company/b71e22c81a1bcdf9b856ff4f69771c6f#.XP6t-tNKjaY   https://marbnet.com/directory/listing/seongwon-shipping-co-ltd,SEONGWON SHIPPING CO. LTD,KOR,NA,NA,NA
440170000,OCEANCHO,KOR,8906808,D7BO,carrier,115,5286,5000,JNP MARITIME,"3RD FLOOR, 87, BAUMOE-RO 41-GIL, SEOCHO-GU, SEOUL, REPUBLIC OF KOREA",KOR,17,17,1,NA,NA,NA,NA,NA,NA,NA,NA,NA
440255000,KSIRIS,KOR,9321134,D7DS,bunker,120.86,8560,4440,KORIN STAR,"#501, BUSAN-DEPART B/D, 21, JUNGANG-DAERO, JUNG-GU, BUSAN, KOREA.",KOR,10,10,1,NA,NA,NA,NA,NA,NA,NA,NA,NA
440283000,SEIYU,KOR,9172909,D8DK,carrier,86.09,2713,2405,GREEN WORLD,"8TH DONGWON BLDG, 70, JUNGANG-DAERO, JUNG-GU, BUSAN, KOREA.",KOR,29,29,1,GREEN WORLD CO LTD,GFW,GREEN WORLD CO LTD,https://www.bloomberg.com/research/stocks/private/snapshot.asp?privcapId=104559238  https://world-ships.com/company/90ec07b568a9c96b723a714925ececfd#.XPwqfNNKjaY  http://www.greenworldcompany.com/eng/main/main.php,GREEN WORLD CO LTD,KOR,NA,NA,In the Dongwon building but cannot find a connection between the companies. Other institutions rent out of the dong won building like an embassy for various countries etc
440402000,WOOBONG,KOR,9036387,DSEM6,bunker,112,4702,3036.22,KEOJE MARINE,"4TH FL, WOOLIM BLDG, 19, DAE PYEONG-DONG 28, YOUNG DO-GU, BUSAN, KOREA",KOR,47,2,0.04,"KEOJE MARINE CO., LTD - SOUTH KOREA",GFW,"KEOJE MARINE CO., LTD",https://world-ships.com/company/bf0b65e7c5865f291830e7d6e05ea0b5#.XPxHuHeZPwc  http://portal.infospectrum.net/searchorder/GoogleCompanySearch.aspx?CompanyId=78707  https://www.bloomberg.com/research/stocks/private/snapshot.asp?privcapId=329247116  https://panjiva.com/Keoje-Marine-Co-Ltd/4587450,"KEOJE MARINE CO., LTD",KOR,NA,NA,NA
440571000,SEIHO,KOR,8909680,D7XP,carrier,93.78,2600,2059,GREEN WORLD,"8TH DONGWON BLDG, 70, JUNGANG-DAERO, JUNG-GU, BUSAN, KOREA.",KOR,15,15,1,"GREEN WORLD CO LTD (EFFECTIVE 2017-07-02) IMO COMPANY NUMBER 1991490 NATIONALITY OF REGISTRATION KOREA, SOUTH",GFW,GREEN WORLD CO LTD,https://www.bloomberg.com/research/stocks/private/snapshot.asp?privcapId=104559238  https://world-ships.com/company/90ec07b568a9c96b723a714925ececfd#.XPwqfNNKjaY  http://www.greenworldcompany.com/eng/main/main.php,GREEN WORLD CO LTD,KOR,NA,NA,In the Dongwon building but cannot find a connection between the companies. Other institutions rent out of the dong won building like an embassy for various countries etc
440633000,ONENESS,KOR,9170951,D7SM,bunker,121.35,5315,3880.8,SHIPMAN,"RM1007, 263, JUNGANG-DAERO, DONG-GU, BUSAN, REPUBLIC OF KOREA",KOR,70,18,0.26,NA,NA,NA,NA,NA,NA,NA,NA,NA
440664000,SLBOGO,KOR,8815009,DSOZ2,carrier,91.58,3302,2942,SEOIL AGENCY,ROOM 807 DONGYANG BUILDING 18 GWANGBOK-RO 97 BEON-GIL TUNG-KU BUSAN KOREA,KOR,53,53,1,SEOIL AGENCY CO LTD,GFW,SEOIL AGENCY CO LTD,https://world-ships.net/company/acc715ad6fe3f496009933acf541db55#.XP6tPtNKjaY  https://www.bloomberg.com/research/stocks/private/snapshot.asp?privcapid=98565175  https://www.bloomberg.com/profile/company/0917305D:KS  https://panjiva.com/Seoil-Agency-Co-Ltd/1248300  http://www.hoovers.com/company-information/cs/company-profile.seoil_agency_co_ltd.2c1aad4e6b49b6ee.html?aka_re=1,SEOIL AGENCY CO LTD,KOR,NA,NA,NA
440686000,DHARA,KOR,8904941,D7WB,carrier,146.02,6557,6937.8,BOYANG,"3604, KOREA TRADE TOWER, 511, YEONGDONG-DAERO GANGNAM-GU, SEOUL, KOREA",KOR,11,11,1,NA,NA,NA,NA,NA,NA,NA,NA,NA
441032000,SEISHIN,KOR,8808161,DSOP5,carrier,86.33,2426,1469.62,GREEN WORLD,"8TH DONGWON BLDG, 70, JUNGANG-DAERO, JUNG-GU, BUSAN, KOREA.",KOR,24,24,1,GREEN WORLD CO LTD,GFW,GREEN WORLD CO LTD,https://www.bloomberg.com/research/stocks/private/snapshot.asp?privcapId=104559238  https://world-ships.com/company/90ec07b568a9c96b723a714925ececfd#.XPwqfNNKjaY  http://www.greenworldcompany.com/eng/main/main.php,GREEN WORLD CO LTD,KOR,NA,NA,In the Dongwon building but cannot find a connection between the companies. Other institutions rent out of the dong won building like an embassy for various countries etc
441240000,SLARCHI,KOR,8712398,DSOR5,carrier,84.36,1488,1470,SHINHAN CAPITAL,530-1 GOJAN-DONG DANWON-GU ANSAN-SI GYEONGGI-DO REPUBLIC OF KOREA,KOR,3,2,0.67,NA,NA,NA,NA,NA,NA,NA,NA,NA
441364000,WOOTAE,KOR,9258040,D9VW,bunker,105.4,5328,3360,WOOLIM SHIPPING,"111, YEOUIGONGWON-RO, YEONGDEUNGPO-GU, SEOUL, KOREA",KOR,28,7,0.25,NA,NA,NA,NA,NA,NA,NA,NA,NA
441418000,SEIBU,KOR,9684067,D7HD,carrier,96.94,3132,2700,GREEN WORLD,8TH FLOOR DONGWON BUILDING 70 JUNGANG DAERO JUNG-GU BUSAN REPUBLIC OF KOREA,KOR,12,12,1,GREEN WORLD CO LTD,GFW,GREEN WORLD CO LTD,https://www.bloomberg.com/research/stocks/private/snapshot.asp?privcapId=104559238  https://world-ships.com/company/90ec07b568a9c96b723a714925ececfd#.XPwqfNNKjaY  http://www.greenworldcompany.com/eng/main/main.php,GREEN WORLD CO LTD,KOR,NA,NA,In the Dongwon building but cannot find a connection between the companies. Other institutions rent out of the dong won building like an embassy for various countries etc
441922000,WOOYEON,KOR,9558816,DSRN4,bunker,118,5023,2880,KEOJE MARINE,"4TH FL, WOOLIM BLDG, 19, DAE PYEONG-DONG 28, YOUNG DO-GU, BUSAN, KOREA",KOR,20,1,0.05,"KEOJE MARINE CO., LTD - SOUTH KOREA",GFW,"KEOJE MARINE CO., LTD",https://world-ships.com/company/bf0b65e7c5865f291830e7d6e05ea0b5#.XPxHuHeZPwc  http://portal.infospectrum.net/searchorder/GoogleCompanySearch.aspx?CompanyId=78707  https://www.bloomberg.com/research/stocks/private/snapshot.asp?privcapId=329247116  https://panjiva.com/Keoje-Marine-Co-Ltd/4587450,"KEOJE MARINE CO., LTD",KOR,NA,NA,NA
518100013,HAISOON5,COK,9109897,E5U2958,bunker,89.18,1998,2059,PURE OCEAN INTERNATIONAL,"6001 BEACH ROAD, #17-05/06, GOLDEN MILE TOWER, SINGAPORE, 199589",SGP,57,49,0.86,PURE OCEAN INTERNATIONAL LTD - SINGAPORE,GFW,PURE OCEAN INTERNATIONAL LTD,https://world-ships.com/company/d3fccbb0361550ded27326795d96efaf#.XP10Z9NKjaY,HAI SOON SHIP MANAGEMENT PTE LTD,SGP,HAI SOON SHIP MANAGEMENT PTE LTD owns PURE OCEAN INTERNATIONAL LTD,https://world-ships.net/company/daeb6c949159e7becf81ab445e07eae7#.XPwee9NKjaY  https://world-ships.com/company/d3fccbb0361550ded27326795d96efaf#.XP10Z9NKjaY  http://www.hoovers.com/company-information/cs/company-profile.hai_soon_ship_management_pte_ltd.0e5cb7db28e3575b.html,NA
518100014,HAISOON39,COK,9188520,E5U2959,bunker,103.4,3878,4118,GRAND RITZ,"6001 BEACH ROAD, #17-05/06, GOLDEN MILE TOWER, SINGAPORE",SGP,73,73,1,GRAND RITZ LIMITED - SINGAPORE,GFW,GRAND RITZ LIMITED,https://world-ships.com/company/aacc4d0c95465aff1548fb8fbf1c6130#.XPwqFNNKjaY,HAI SOON SHIP MANAGEMENT PTE LTD,SGP,HAI SOON SHIP MANAGEMENT PTE LTD owns GRAND RITZ LIMITED,https://world-ships.net/company/daeb6c949159e7becf81ab445e07eae7#.XPwee9NKjaY  https://world-ships.com/company/aacc4d0c95465aff1548fb8fbf1c6130#.XPwqFNNKjaY  http://www.hoovers.com/company-information/cs/company-profile.hai_soon_ship_management_pte_ltd.0e5cb7db28e3575b.html,NA
518100015,HAISOON48,COK,9166974,E5U2960,bunker,112,5360,4200,CITY EFFORT PROFITS,"6001 BEACH ROAD #17-05/06, GOLDEN MINE TOWER, SINGAPORE 199589",SGP,65,60,0.92,CITY EFFORT PROFITS LTD - SINGAPORE,GFW,CITY EFFORT PROFITS LTD,https://world-ships.net/company/8fdd2f2e3009db94c7f6dfadfa44fd1c#.XPweTNNKjaY,HAI SOON SHIP MANAGEMENT PTE LTD,SGP,HAI SOON SHIP MANAGEMENT PTE LTD owns CITY EFFORT PROFITS LTD,https://world-ships.net/company/daeb6c949159e7becf81ab445e07eae7#.XPwee9NKjaY  https://world-ships.net/company/8fdd2f2e3009db94c7f6dfadfa44fd1c#.XPweTNNKjaY  http://www.hoovers.com/company-information/cs/company-profile.hai_soon_ship_management_pte_ltd.0e5cb7db28e3575b.html,NA
518100126,HAISOON28,COK,8905397,E5U3071,bunker,105.29,3244,2942,EASTERN KING MARINE PTE,"CARE OF HAI SOON SHIP MANAGEMENT PTE LTD , 17-05/06, GOLDEN MILE TOWER, 6001, BEACH ROAD, SINGAPORE 199589",SGP,19,14,0.74,NA,NA,NA,NA,NA,NA,NA,NA,NA
518100179,HAISOON12,COK,9078751,E5U3120,bunker,101.73,3243,2942,PACIFIC MARINE PTE,"6001 BEACH ROAD 17-05/06 GOLDEN MILE TOWER, SINGAPORE 199589",SGP,25,18,0.72,NA,NA,NA,NA,NA,NA,NA,NA,NA
518100282,BPACIFIC,COK,9697296,E5U3218,bunker,101.39,5689,3000,CHUANDONG 1 MARINE HOLINGS,"TRUST COMPANY COMPLEX, AJETAKE ROAD, AJELTAKE ISLAND, MAJURO, MH 96960, MARSHALL ISLANDS",MHL,52,52,1,CHUANDONG 1 MARINE HOLDINGS CO (EFFECTIVE 2015-10-08) IMO COMPANY NUMBER 5876018 NATIONALITY OF REGISTRATION MARSHALL ISLANDS,GFW,CHUANDONG 1 MARINE HOLDINGS CO LTD,https://world-ships.com/company/db2795d49e6365d416784305c3a14f7b#.XPwdV9NKjaY,"S.K. Maritime Co., Ltd.",KOR,"S.K. Maritime Co., Ltd. Owns SK Shipping Co., Ltd. Owns SK B&T Pte Ltd owns CHUANDONG 1 MARINE HOLDINGS CO LTD",https://world-ships.com/company/db2795d49e6365d416784305c3a14f7b#.XPwdV9NKjaY  https://world-ships.net/company/2eb8f7693ec56a8842c633ec5b7461c1#.XPwdoNNKjaY  https://www.bloomberg.com/research/stocks/private/snapshot.asp?privcapId=252124307  https://www.bloomberg.com/research/stocks/private/snapshot.asp?privcapId=5478124  https://www.bloomberg.com/research//stocks/private/snapshot.asp?privcapId=430521019,NA
518100355,HAISOON26,COK,9058804,E5U3271,bunker,105,3338,3353,BLUE RING ENTERPRISE,"6001 BEACH RD, #17-05/06, GOLDEN MILE TOWER, SINGAPORE 199589",SGP,43,43,1,NA,NA,NA,NA,NA,NA,NA,NA,NA
518100357,HAISOON10,COK,8806395,E5U3273,bunker,88,1914,1910,HAI SOON CHARTERING PTE,"CARE OF HAI SOON SHIP MANAGEMENT PTE LTD , 17-05/06, GOLDEN MILE TOWER, 6001, BEACH ROAD, SINGAPORE 199589",SGP,9,3,0.33,NA,NA,NA,NA,NA,NA,NA,NA,NA
518100405,HAISOON61,COK,9276901,E5U3321,bunker,106.98,4251,3120,SUPER SHINE DEVELOPMENT,C\O 6001 BEACH ROAD #17-05 GOLDEN MILE TOWER 199589 SINGAPORE,SGP,51,32,0.63,"SUPER SHINE DEVELOPMENT LTD (EFFECTIVE 2013-03-22) IMO COMPANY NUMBER 5724015 NATIONALITY OF REGISTRATION VIRGIN ISLANDS, BRITISH",GFW,SUPER SHINE DEVELOPMENT LTD,https://world-ships.net/company/f0a9bb28bcce176a3552a46846b966c1#.XP60k9NKjaY,HAI SOON SHIP MANAGEMENT PTE LTD,SGP,HAI SOON SHIP MANAGEMENT PTE LTD owns SUPER SHINE DEVELOPMENT LTD,https://world-ships.net/company/f0a9bb28bcce176a3552a46846b966c1#.XP60k9NKjaY https://world-ships.net/company/daeb6c949159e7becf81ab445e07eae7#.XPwee9NKjaY   http://www.hoovers.com/company-information/cs/company-profile.hai_soon_ship_management_pte_ltd.0e5cb7db28e3575b.html,NA
529101000,HUAJIAN1,KIR,7908732,T3MD,carrier,99.99,3415,3310,UNITED OCEAN SHIPPING,"FLAT/RM 907 JFZ301 WING TUCK COMM CTR., 177-183 WING LOK STREET, HONG KONG",HKG,1,1,1,UNITED OCEAN SHIPPING LTD,GFW,UNITED OCEAN SHIPPING LTD,https://world-ships.net/company/3ead28ab954a5228fe10c1d79b59aba7#.XP7QzXeZPwc,UNITED OCEAN TRANSPORTATION LTD,HKG,Main Company: UNITED OCEAN TRANSPORTATION LTD,https://world-ships.net/company/3ead28ab954a5228fe10c1d79b59aba7#.XP7QzXeZPwc  https://world-ships.net/company/1501051637e353282878c3a7dc4a8ef0#.XP7Q8neZPwc,NA
529264000,HAISOON6,KIR,9062697,T3TY,bunker,NA,3232,NA,HS PACIFIC MARINE PTE,"CARE OF HAI SOON SHIP MANAGEMENT PTE LTD , 17-05/06, GOLDEN MILE TOWER, 6001, BEACH ROAD, SINGAPORE 199589",SGP,22,22,1,"HS PACIFIC MARINE PTE LTD (EFFECTIVE 2010-01-24) IMO COMPANY NUMBER 5516722 NATIONALITY OF REGISTRATION VIRGIN ISLANDS, BRITISH",GFW,HS PACIFIC MARINE PTE LTD,https://world-ships.net/company/97fbea02d562b955510044c3f0b9a225#.XPwytXeZPwc,HAI SOON SHIP MANAGEMENT PTE LTD,SGP,HAI SOON SHIP MANAGEMENT PTE LTD owns HS PACIFIC MARINE PTE LTD,https://world-ships.net/company/97fbea02d562b955510044c3f0b9a225#.XPwytXeZPwc https://world-ships.net/company/daeb6c949159e7becf81ab445e07eae7#.XPwee9NKjaY   http://www.hoovers.com/company-information/cs/company-profile.hai_soon_ship_management_pte_ltd.0e5cb7db28e3575b.html,NA
529354000,HUAJIAN107,KIR,8421298,T3XR,carrier,104.47,4238,3501,UNITED OCEAN SHIP MANAGEMENT,"ROOM 2105 JFZ1419 TREND CENTRE 29-31 CHEUNG LEE STREET, CHAI WAN, HONG KONG",HKG,1,1,1,UNITED OCEAN SHIP MANAGEMENT,GFW,UNITED OCEAN SHIP MANAGEMENT LTD,https://world-ships.net/company/a9ee43b339d8276e078cd884579a5294#.XP7QH3eZPwc  https://world-ships.net/company/1501051637e353282878c3a7dc4a8ef0#.XP7QP3eZPwc,UNITED OCEAN TRANSPORTATION LTD,HKG,Main Company: UNITED OCEAN TRANSPORTATION LTD,https://world-ships.net/company/a9ee43b339d8276e078cd884579a5294#.XP7QH3eZPwc  https://world-ships.net/company/1501051637e353282878c3a7dc4a8ef0#.XP7QP3eZPwc,NA
529606000,SHUIJINGLING,KIR,8627309,T3HD2,carrier,NA,2429,NA,NA,NA,NA,1,1,1,NA,NA,NA,NA,NA,NA,NA,NA,NA
529770000,NEWSMILE,KIR,9114842,T3PZ2,bunker,98.46,4629,2426,WINSON OCEAN,"P.O BOX 957 OFFSHORE INCORPORATIONS CENTER ROAD TOWN,TORTOLA,BRITISH VIRGIN ISLANDS",VGB,64,1,0.02,WINSON OCEAN COMPANY LIMITED - VIRGIN ISLANDS (BRITISH),GFW,WINSON OCEAN COMPANY LIMITED,https://world-ships.com/company/d08d5cc0b54c62e2acf6c66c3f77cab3#.XP69HtNKjaY,Winson Oil Trading Pte. Ltd.,SGP,Main Company: WINSON SHIPPING (TAIWAN) CO LTD which is owned by Winson Oil Trading Pte. Ltd. (address matched),https://world-ships.com/company/d08d5cc0b54c62e2acf6c66c3f77cab3#.XP69HtNKjaY  https://world-ships.net/company/f70879d054cf115be227699d91af0f04#.XPwg4dNKjaY  http://www.hoovers.com/company-information/cs/company-profile.winson_shipping_(taiwan)_co_ltd.6c9abbcaa99842d0.html?aka_re=1  http://www.winsonoil.com/contactUs.asp,NA
529782000,ANGEL10,KIR,9040455,T3QM2,bunker,181.61,25800,7168,CRYSTAL DAY,"P.O. BOX 957, OFFISHORE INCORPORATIONS CENTRE, ROAD TOWN, TORTOLA, BRITISH VIRGIN ISLANDS",TWN,1,1,1,CRYSTAL DAY LIMITED - TAIWAN,GFW,CRYSTAL DAY LTD,https://world-ships.net/company/cfeee7bf990aebe7ab38bd3f7b2904fb#.XPwgtdNKjaY,Winson Oil Trading Pte. Ltd.,SGP,Main Company: WINSON SHIPPING (TAIWAN) CO LTD which is owned by Winson Oil Trading Pte. Ltd. (address matched),https://world-ships.net/company/cfeee7bf990aebe7ab38bd3f7b2904fb#.XPwgtdNKjaY  https://world-ships.net/company/f70879d054cf115be227699d91af0f04#.XPwg4dNKjaY  http://www.hoovers.com/company-information/cs/company-profile.winson_shipping_(taiwan)_co_ltd.6c9abbcaa99842d0.html?aka_re=1  http://www.winsonoil.com/contactUs.asp,NA
529794000,ANGEL18,KIR,9167710,T3QZ2,bunker,117.27,6332,3603,SUCCESS DIRECT,"2ND FLOOR,ABBOTT BUILDING ROAD TOWN TORTOLA BRITISH VIRGIN ISLANDS",VGB,32,32,1,SUCCESS DIRECT LIMITED - VIRGIN ISLANDS (BRITISH),GFW,SUCCESS DIRECT LIMITED,https://world-ships.com/company/f387a5dad4943309f920a16715f6da4b#.XP6z79NKjaY,Winson Oil Trading Pte. Ltd.,SGP,Main Company: WINSON SHIPPING (TAIWAN) CO LTD which is owned by Winson Oil Trading Pte. Ltd. (address matched),https://world-ships.com/company/f387a5dad4943309f920a16715f6da4b#.XP6z79NKjaY  https://world-ships.net/company/f70879d054cf115be227699d91af0f04#.XPwg4dNKjaY  http://www.hoovers.com/company-information/cs/company-profile.winson_shipping_(taiwan)_co_ltd.6c9abbcaa99842d0.html?aka_re=1  http://www.winsonoil.com/contactUs.asp,NA
529839000,ANGEL29,KIR,9084695,T3SW2,bunker,123,5944,2426,START SAIL,"P.O.BOX 957, OFFSHORE INCORPORATIONS CENTRE, ROAD TOWN , TORTOLA, BRITISH VIRGIN ISLANDS,",VGB,56,7,0.12,START SAIL LTD - VIRGIN ISLANDS (BRITISH),GFW,START SAIL LTD,http://www.winsonoil.com/vessels_2.asp,Winson Oil Trading Pte. Ltd.,SGP,NA,https://www.bloomberg.com/research/stocks/private/snapshot.asp?privcapId=108906926 http://www.winsonoil.com/map.asp,NA
538002930,ANGEL38,MHL,9175743,V7MZ7,bunker,117.02,5994,3883,EAGERWAY,"C/O 26F-1, NO.29, HAI PEIN ROAD, 802 KAOHSIUNG, TAIWAN",TWN,140,18,0.13,EAGERWAY LIMITED - VIRGIN ISLANDS (BRITISH),GFW,EAGERWAY LIMITED,http://www.winsonoil.com/vessels_2.asp,Winson Oil Trading Pte. Ltd.,SGP,NA,https://www.bloomberg.com/research/stocks/private/snapshot.asp?privcapId=108906926 http://www.winsonoil.com/map.asp,NA
538004001,OCEANRUBY,MHL,9150834,V7UQ3,bunker,NA,79633,NA,TRUE FAITH GLOBAL,"CARE OF WINSON SHIPPING (TAIWAN) CO LTD , ROOM 1, 26TH FLOOR, 29, HAIBIAN ROAD, LINGYA DISTRICT, KAOHSIUNG CITY, 80248, CHINA, REPUBLIC OF (TAIWAN)",TWN,9,9,1,NA,NA,NA,NA,NA,NA,NA,NA,NA
538004148,BSTAR,MHL,9381639,V7VL3,bunker,105.5,3978,3000,STAR MARINE HOLDINGS,"CARE OF SK SHIPPING CO LTD , 21ST FLOOR, CPO BOX 2732, 416, HANGANG-DAERO, JUNG-GU, SEOUL, 04637, SOUTH KOREA.",KOR,36,36,1,STAR MARINE HOLDINGS CO LTD (EFFECTIVE 2010-12-24) IMO COMPANY NUMBER 5578109 NATIONALITY OF REGISTRATION MARSHALL ISLANDS,GFW,STAR MARINE HOLDINGS CO LTD,https://world-ships.com/company/10dcee59fc7cadef8512a5b071047efe#.XP6zVtNKjaY,"S.K. Maritime Co., Ltd.",KOR,"SK Shipping owns STAR MARINE HOLDINGS CO LTD which is owned ultimately by S.K. Maritime Co., Ltd.",https://world-ships.com/company/10dcee59fc7cadef8512a5b071047efe#.XP6zVtNKjaY  https://world-ships.net/company/51343f6d57c5c3b065e53b21d2501b20#.XPwfl9NKjaY  https://www.bloomberg.com/research/stocks/private/snapshot.asp?privcapId=5478124  https://www.bloomberg.com/research//stocks/private/snapshot.asp?privcapId=430521019,NA
538004149,BACE,MHL,9381641,V7VL4,bunker,98.12,3978,3000,ACE MARINE HOLDINGS,"C/O 19TH FL., SK NAMSAN BLDG, 267, NAMDAEMUNNO-5GA, CHUNG-GU, SEOUL, KOREA",KOR,96,96,1,"SK SHIPPING - SEOUL, SOUTH KOREA",Maritime Connector,SK SHIPPING CO LTD,https://www.bloomberg.com/research/stocks/private/snapshot.asp?privcapId=5478124  https://world-ships.net/company/29b1f75132a709fe15807e49d5d1ece9#.XPwgLdNKjaY,"S.K. Maritime Co., Ltd.",KOR,"S.K. Maritime Co., Ltd. Owns SK Shipping Co., Ltd.",https://world-ships.net/company/29b1f75132a709fe15807e49d5d1ece9#.XPwgLdNKjaY  https://www.bloomberg.com/research/stocks/private/snapshot.asp?privcapId=252124307  https://www.bloomberg.com/research/stocks/private/snapshot.asp?privcapId=5478124  https://www.bloomberg.com/research//stocks/private/snapshot.asp?privcapId=430521019,NA
538004308,BATLANTIC,MHL,9333125,V7WI5,bunker,118.14,5776,4200,ATLANTIC MARINE HOLDINGS,"CARE OF SK SHIPPING CO LTD , 21ST FLOOR, CPO BOX 2732, 416, HANGANG-DAERO, JUNG-GU, SEOUL, 04637, SOUTH KOREA.",KOR,25,22,0.88,ATLANTIC MARINE HOLDINGS (EFFECTIVE 2011-05-24) IMO COMPANY NUMBER 5608109 NATIONALITY OF REGISTRATION MARSHALL ISLANDS,GFW,ATLANTIC MARINE HOLDINGS,https://world-ships.net/company/51343f6d57c5c3b065e53b21d2501b20#.XPwfl9NKjaY  https://www.law360.com/cases/54e37a5e1206c50d73000001,"S.K. Maritime Co., Ltd.",KOR,"SK Shipping owns ATLANTIC MARINE HOLDINGS which is owned ultimately by S.K. Maritime Co., Ltd.",https://world-ships.net/company/51343f6d57c5c3b065e53b21d2501b20#.XPwfl9NKjaY  https://www.bloomberg.com/research/stocks/private/snapshot.asp?privcapId=252124307  https://www.bloomberg.com/research/stocks/private/snapshot.asp?privcapId=5478124  https://www.bloomberg.com/research//stocks/private/snapshot.asp?privcapId=430521019,NA
538005932,ANGEL17,MHL,9208605,V7IF2,bunker,108.5,5373,3883,NEW WINSTAR,"C/O 26F-1, NO.29, HAI PEIN ROAD, 802 KAOHSIUNG, TAIWAN",TWN,185,4,0.02,NEW WINSTAR SA,GFW,NEW WINSTAR SA,http://www.winsonoil.com/vessels_2.asp,Winson Oil Trading Pte. Ltd.,SGP,NA,https://www.bloomberg.com/research/stocks/private/snapshot.asp?privcapId=108906926 http://www.winsonoil.com/map.asp,NA
538006154,OCEANCRYSTAL,MHL,9116905,V7KF7,bunker,173.1,29083,7470,OCEAN AFFLUENT,"VISTRA CORPORATE SERVICES CENTRE, WICKHAMS CAY II, ROAD TOWN, TORTOLA VG1110, BRITISH VIRGIN ISLANDS.( 26F-1, NO.29, HAI PEIN ROAD, 802 KAOHSIUNG, TAIWAN)",TWN,43,3,0.07,OCEAN AFFLUENT LIMITED - VIRGIN ISLANDS (BRITISH),GFW,OCEAN AFFLUENT LIMITED,https://world-ships.net/company/375841d18206637f94e7c081fb2d1d7a#.XP1tttNKjaY,Winson Oil Trading Pte. Ltd.,SGP,Main Company: Winson Oil Trading Pte Ltd,https://world-ships.net/company/375841d18206637f94e7c081fb2d1d7a#.XP1tttNKjaY  https://world-ships.com/company/8b7882b4376056bcc5e5156a22c38047#.XPxHeneZPwc,NA
563061200,FORTUNE18,SGP,9508354,9V7720,bunker,NA,5635,NA,MARIS STELLA INTL PTE,"CARE OF FORTUNE SHIP MANAGEMENT PTE LTD , 17-05/06, GOLDEN MILE TOWER, 6001, BEACH ROAD, SINGAPORE 199589",SGP,15,15,1,NA,NA,NA,NA,NA,NA,NA,NA,NA
563418000,CHITOSE,SGP,9666508,9V6110,carrier,134.15,6534,4619.61,WANG TAT,"56 BUKIT BATOK EAST AVE. 5, REGENT HEIGHTS CONDO #25-03, SINGAPORE 659804",SGP,48,48,1,WANG TAT CORP/UNITED JAPAN,GFW,Shinko Kaiun Co Ltd,https://world-ships.net/company/94c69f6186fd4d5a5848fdfc07dd6c2f#.XP7RqXeZPwc,Shinko Kaiun Co Ltd,JPN,Main Company: Shinko Kaiun Co Ltd. Affiliated with WANG TAT CORP PTE LTD,https://world-ships.net/company/94c69f6186fd4d5a5848fdfc07dd6c2f#.XP7RqXeZPwc https://world-ships.com/company/1f60cba9166300d14502e5c9fc807ee0#.XP12WNNKjaY  https://www.bloomberg.com/profile/company/5828605Z:JP  http://portal.infospectrum.net/searchorder/GoogleCompanySearch.aspx?CompanyId=13135,Affiliated with WANG TAT CORP PTE LTD but not owned
565318000,HAISOON29,SGP,9072733,9V8350,bunker,NA,1993,NA,HAI SOON PACIFIC PTE,"CARE OF HAI SOON SHIP MANAGEMENT PTE LTD , 17-05/06, GOLDEN MILE TOWER, 6001, BEACH ROAD, SINGAPORE 199589",SGP,28,23,0.82,HAI SOON PACIFIC PTE LTD (EFFECTIVE 2009-10-27) IMO COMPANY NUMBER 5136727 NATIONALITY OF REGISTRATION SINGAPORE,GFW,HAI SOON PACIFIC PTE LTD (EFFECTIVE 2009-10-27) IMO COMPANY NUMBER 5136727 NATIONALITY OF REGISTRATION SINGAPORE,https://world-ships.com/company/363a88840e824a2fd17852e9a12c665c#.XPwr4dNKjaY,HAI SOON SHIP MANAGEMENT PTE LTD,SGP,HAI SOON SHIP MANAGEMENT PTE LTD owns HAI SOON PACIFIC PTE LTD,https://world-ships.net/company/daeb6c949159e7becf81ab445e07eae7#.XPwee9NKjaY  https://world-ships.com/company/363a88840e824a2fd17852e9a12c665c#.XPwr4dNKjaY  http://www.hoovers.com/company-information/cs/company-profile.hai_soon_ship_management_pte_ltd.0e5cb7db28e3575b.html,NA
576728000,LUNGYUIN,VUT,9048603,YJQP3,carrier,94.32,3431,2995.12,CHANG SOON SHIPPING,"BANCO GENERAL TOWER, 15TH FLOOR, AQUILINO DE LA GUARDIA, MARBELLA, P.O.BOX 6927 PANAMA-CITY, PANAMA",TWN,67,67,1,CHANG SOON SHIPPING CORP,GFW,CHANG SOON SHIPPING CORP,https://world-ships.net/company/dca95abb6a57af294d1b22952ad2da85#.XPwb_9NKjaY,Lung Soon Ocean Group,TWN,Main Company: Lung Soon Ocean Group,http://www.lungsoon.com/our-companies.html,Chang soon is the transhipment arm of the lung soon ocean group
577106000,HARIMA2,VUT,9133317,YJTB3,carrier,113.37,4490,3035,WANG TAT,"56 BUKIT BATOK EAST AVE. 5, REGENT HEIGHTS CONDO #25-03, SINGAPORE 659804",SGP,22,22,1,WANG TAT CORP PTE LTD,GFW,"Wang Tat Corporation PTE, Ltd.",https://world-ships.net/company/930057685fe59a1757c0202d21cacc77#.XP7RoneZPwc  https://www.vesselsvalue.com/company/36814/WANG-TAT-CORP-PTE-LTD  https://www.maritimedex.com/company/wang-tat-corp-pte-ltd/  https://www.infobel.com/fr/singapore/wang_tat_corporation_pte_ltd/bukit_batok/SG100086194-68610558/businessdetails.aspx  https://www.sgpbusiness.com/company/Wang-Tat-Corporation-Pte-Ltd,"Wang Tat Corporation PTE, Ltd.",SGP,NA,NA,NA
577201000,BSKY,VUT,9381627,YJTN7,bunker,98.12,3978,3000,SKY MARINE HOLDINGS,"TRUST COMPANY COMPLEX, AJELTAKE ROAD, AJELTAKE ISLAND, MAJURO, MARSHALL ISLAND",MHL,85,85,1,"SKY MARINE HOLDING CO., LTD - MARSHALL ISLANDS",GFW,"SKY MARINE HOLDING CO., LTD",https://world-ships.com/company/dbc7aa7170a34a8cfd771f677af85b2c#.XP6zJdNKjaY,"S.K. Maritime Co., Ltd.",KOR,"SK Shipping owns SKY MARINE HOLDING CO., LTD which is owned ultimately by S.K. Maritime Co., Ltd.",https://world-ships.com/company/dbc7aa7170a34a8cfd771f677af85b2c#.XP6zJdNKjaY  https://world-ships.net/company/51343f6d57c5c3b065e53b21d2501b20#.XPwfl9NKjaY    https://www.bloomberg.com/research/stocks/private/snapshot.asp?privcapId=5478124  https://www.bloomberg.com/research//stocks/private/snapshot.asp?privcapId=430521019,NA
636008972,TRITONREEFER,LBR,8911102,ELLM5,carrier,144,8818,7945,WEI FONG SHIPPING,"FLOOR 2-4, NO.69 HUANCHENG EAST ROAD, DINGHAI, ZHOUSHAN, ZHEJIANG, CHINA",CHN,14,14,1,NA,NA,NA,NA,NA,NA,NA,NA,NA
636013103,SEAFROST,LBR,8517061,A8KP6,bunker,NA,11013,NA,CAIN MARINE,"CARE OF BALTMED REEFER SERVICES LTD , 5, XENIAS STREET & CHARILAOU TRIKOUPI, KIFISIA, 145 62 ATHENS, GREECE.",GRC,38,21,0.55,NA,NA,NA,NA,NA,NA,NA,NA,NA
636014306,SEALION,LBR,9377810,A8SW2,bunker,105.5,3978,2175.21,ALISON MANAGEMENT,"5, XENIAS STR. & CH. TRIKOUPI, KIFISSIA",GRC,42,40,0.95,NA,NA,NA,NA,NA,NA,NA,NA,NA
636017108,CHIKUMA,LBR,9666493,D5JI4,carrier,134.15,6558,4550,OCEAN WIDE SHIPPING,"OMEGA BLDG.,SAMUEL LEWIS AVENUE AND 53RD ST.,PANAMA-CITY REPUBLIC OF PANAMA",PAN,46,46,1,OCEANWIDE SHIPPING SA,GFW,OCEANWIDE SHIPPING SA,https://world-ships.net/company/7f5c02ec1fdbea92a8605fd74b3ca477#.XP1t8dNKjaY  https://www.vesselsvalue.com/company/22299/OCEANWIDE-SHIPPING-SA/  https://opencorporates.com/companies/pa/126841,OCEANWIDE SHIPPING SA,JPN,NA,NA,NA
636017161,MEITAMARU,LBR,9071583,D5JO8,carrier,106.86,3802,2942,PANAMA TRL,"JUST AROSEMENA AVE. & 32ND ST. NO. 3-32 PANAMA CITY, PANAMA",PAN,45,45,1,PANAMA TRL SA,GFW,PANAMA TRL SA,https://world-ships.net/company/d5803ea59ef66ca9db115aa91a6caeec#.XP1v8NNKjaY,"OCEAN, K.K.",JPN,"Main Company: OCEAN, K.K. which owns TOEI REEFER LINE LTD",http://www.hoovers.com/company-information/cs/company-profile.ocean_kk.d353b1d2ca94c708.html  https://www.bloomberg.com/research/stocks/private/snapshot.asp?privcapId=5759915  https://world-ships.net/company/449d59a10ca80891d87579fb1d001d42#.XP1wIdNKjaY  https://world-ships.net/company/d5803ea59ef66ca9db115aa91a6caeec#.XP1v8NNKjaY  http://www.hoovers.com/company-information/cs/company-profile.toei_reefer_line_ltd.7e059a894e7a842a.html  https://www.fis.com/fis/companies/details.asp?l=e&filterby=companies&letter=t&page=75&company_id=43&country_id=,NA
636017162,GENTAMARU,LBR,9620384,D5JO9,carrier,99.06,3989,2998,PANAMA TRL,"JUST AROSEMENA AVE. & 32ND ST. NO. 3-32 PANAMA CITY, PANAMA",PAN,50,50,1,PANAMA TRL S.A. (FME),GFW,PANAMA TRL SA,https://world-ships.net/company/d5803ea59ef66ca9db115aa91a6caeec#.XP1v8NNKjaY,"OCEAN, K.K.",JPN,"Main Company: OCEAN, K.K. which owns TOEI REEFER LINE LTD",http://www.hoovers.com/company-information/cs/company-profile.ocean_kk.d353b1d2ca94c708.html  https://www.bloomberg.com/research/stocks/private/snapshot.asp?privcapId=5759915  https://world-ships.net/company/449d59a10ca80891d87579fb1d001d42#.XP1wIdNKjaY  https://world-ships.net/company/d5803ea59ef66ca9db115aa91a6caeec#.XP1v8NNKjaY  http://www.hoovers.com/company-information/cs/company-profile.toei_reefer_line_ltd.7e059a894e7a842a.html  https://www.fis.com/fis/companies/details.asp?l=e&filterby=companies&letter=t&page=75&company_id=43&country_id=,NA
636017275,VICTORIA2,LBR,9140097,D5KD3,carrier,91.48,2717,1096.92,NAVISA MARITIME,"53RD E STREET URBANIZATION MARBELLA , MMG TOWER 16TH FL. PANAMA CITY, PANAMA",PAN,6,6,1,NAVISA MARITIMA SA,GFW,NAVISA MARITIMA SA,https://world-ships.net/company/7b6d4e20ade2b6a47bf4c7bd4bd796c5,Kobe Shipping Group,JPN,"Main Company: Kobe Shipping Group owns Kobe Shipping Co Ltd  Other Subsidiaries: CHUO KAIUN CO., LTD., HINODE KOSAN CO., LTD., KOBE SHIPMANAGEMENT CO., LTD.",https://world-ships.net/company/7b6d4e20ade2b6a47bf4c7bd4bd796c5  https://world-ships.net/company/8d921fb92ce78281ca0c77dfbe0df24f  https://www.bloomberg.com/profile/company/6651952Z:JP  http://www.hoovers.com/company-information/cs/company-profile.kobe_shipping_co_ltd.77cefa0d887122da.html  http://www.kobeshipping.com/english/group/,NA
636017359,SHOTAMARU,LBR,9194892,D5KN7,carrier,100.98,3936,2942,PANAMA TRL,"JUST AROSEMENA AVE. & 32ND ST. NO. 3-32 PANAMA CITY, PANAMA",PAN,49,49,1,PANAMA TRL SA,GFW,PANAMA TRL SA,https://world-ships.net/company/d5803ea59ef66ca9db115aa91a6caeec#.XP1v8NNKjaY,"OCEAN, K.K.",JPN,"Main Company: OCEAN, K.K. which owns TOEI REEFER LINE LTD",http://www.hoovers.com/company-information/cs/company-profile.ocean_kk.d353b1d2ca94c708.html  https://www.bloomberg.com/research/stocks/private/snapshot.asp?privcapId=5759915  https://world-ships.net/company/449d59a10ca80891d87579fb1d001d42#.XP1wIdNKjaY  https://world-ships.net/company/d5803ea59ef66ca9db115aa91a6caeec#.XP1v8NNKjaY  http://www.hoovers.com/company-information/cs/company-profile.toei_reefer_line_ltd.7e059a894e7a842a.html  https://www.fis.com/fis/companies/details.asp?l=e&filterby=companies&letter=t&page=75&company_id=43&country_id=,NA
636017396,TAIHOMARU,LBR,9459591,D5KS2,carrier,98.28,3858,2950,PRINCESS LINE,"EDIFICIO COMOSA AV., SAMUEL LEWIS, MANUEL M. YCAZA, P.O. BOX 4150, PANAMA CITY, PANAMA",JPN,50,50,1,PRINCESS LINE SA,GFW,PRINCESS LINE SA,https://world-ships.net/company/9faca90c72610cb51fe425693e6d4ffb#.XP1zH9NKjaY,Hayama Senpaku KK,JPN,Main Company: Hayama Senpaku KK,https://world-ships.net/company/9faca90c72610cb51fe425693e6d4ffb#.XP1zH9NKjaY  https://world-ships.com/company/2f003311163fac7dcc9527e86ff688f9#.XP1zVtNKjaY  https://www.imarine.cn/thread-267830-1-1.html  http://portal.infospectrum.net/searchorder/GoogleCompanySearch.aspx?CompanyId=9312  https://www.bloomberg.com/profile/company/6651976Z:JP,NA
636017460,JASON,LBR,9377808,D5LB4,bunker,105.5,3798,2136.43,AGATHA MARITIME,"5, XENIAS STR. & CH. TRIKOUPI, ATHENS, KIFISSIA 145 62, GREECE",GRC,17,11,0.65,NA,NA,NA,NA,NA,NA,NA,NA,NA
636017468,TENHOMARU,LBR,9128764,D5LC4,carrier,94.65,3496,2942,PRINCESS LINE,"EDIFICIO COMOSA AV., SAMUEL LEWIS, MANUEL M. YCAZA, P.O. BOX 4150, PANAMA CITY, PANAMA",PAN,40,39,0.98,PRINCESS LINE SA,GFW,PRINCESS LINE SA,https://world-ships.net/company/9faca90c72610cb51fe425693e6d4ffb#.XP1zH9NKjaY,Hayama Senpaku KK,JPN,Main Company: Hayama Senpaku KK,https://world-ships.net/company/9faca90c72610cb51fe425693e6d4ffb#.XP1zH9NKjaY  https://world-ships.com/company/2f003311163fac7dcc9527e86ff688f9#.XP1zVtNKjaY  https://www.imarine.cn/thread-267830-1-1.html  http://portal.infospectrum.net/searchorder/GoogleCompanySearch.aspx?CompanyId=9312  https://www.bloomberg.com/profile/company/6651976Z:JP,NA
636017556,ZHONGXIANG,LBR,8814299,D5LN5,carrier,150.3,10629,11401,ZHONG XIANG SHIPPING,"80 BROAD STR., MONROVIA, LIBERIA",LBR,4,4,1,ZHONG XIANG SHIPPING LTD (EFFECTIVE 2014-10-14) IMO COMPANY NUMBER 5821559 NATIONALITY OF REGISTRATION LIBERIA,GFW,ZHONG XIANG SHIPPING LTD,https://world-ships.net/company/f59bbeb5e7cd949f99b0ae54aa640d4a#.XP2jvNNKjaY,ZHONG XIANG SHIPPING LTD,LBR,NA,NA,NA
636017561,ZHONGZHOU1,LBR,9044358,D5LO2,carrier,152.94,12413,7600,WEI FONG SHIPPING,"FLOOR 2-4, NO.69 HUANCHENG EAST ROAD, DINGHAI, ZHOUSHAN, ZHEJIANG, CHINA",CHN,17,8,0.47,ZHOUSHAN HUAXI PELAGIC FISHERY,GFW,ZHOUSHAN HUAXI PELAGIC FISHERY LTD,https://world-ships.net/company/c139e0f0bd413d7ea3d68538a891c2a8#.XP2jDdNKjaY  https://panjiva.com/Zhoushan-National-Pelagic-Fishery-Base-Zhouyuan-Fisheries-Co-Ltd/41804258   https://www.infobel.com/en/hongkong/zhoushan_huaxi_pelagic_fishery_limited/HK101159767/businessdetails.aspx,ZHOUSHAN HUAXI PELAGIC FISHERY LTD,HKG,NA,NA,NA
636017752,WEISHUN,LBR,8312655,D5MO2,carrier,149.03,9032,7059,WEI FONG SHIPPING,"NO. 348 JIEFANGXI ROAD, DINGHAI, ZHOUSHAN, ZHEJIANG (CHINA)",CHN,44,44,1,WEI FONG SHIPPING CO LTD,GFW,WEI FONG SHIPPING CO LTD,https://world-ships.com/company/0ca0b1f844244d67efbcf4365ed5b233#.XP6-jdNKjaY  http://portal.infospectrum.net/searchorder/GoogleCompanySearch.aspx?CompanyId=24773  https://www.vesselsvalue.com/company/24966/WEI-FONG-SHIPPING-CO-LTD,WEI FONG SHIPPING CO LTD,CHN,NA,NA,NA
636018031,BAOREEFER,LBR,9066485,A8JI3,carrier,134.02,7329,5999,KINGFISHERS SHIPPING,"FLOOR 17, NO.2 BLDG., HUAWO BUILDING, 79# SHENZHEN ROAD, LAOSHAN DIST., QINGDAO, P.R.C.",CHN,28,28,1,"KINGFISHERS SHIPPING CO LTD (EFFECTIVE 2017-05-26) IMO COMPANY NUMBER 5929457 NATIONALITY OF REGISTRATION VIRGIN ISLANDS, BRITISH",GFW,"KINGFISHERS SHIPPING CO., LTD.",https://world-ships.com/company/2b2f19f8df5d6839f83134e60d54114a#.XPxISHeZPwc,"Shandong Zhonglu Oceanic Fisheries Co., Ltd",CHN,"Main Company: Shandong Zhonglu Oceanic Fisheries Company Limited the ultimate parent of SHANDONG ZHONGLU FISHERY SHIPPING CO LTD which owns KINGFISHERS SHIPPING CO., LTD.",http://www.hoovers.com/company-information/cs/company-profile.shandong_zhonglu_fishery_shipping_coltd.7d4af5ae4fc0eb01.html  https://world-ships.com/company/2b2f19f8df5d6839f83134e60d54114a#.XPxISHeZPwc  https://world-ships.com/company/bc20553ee112bcb8952b7e925e29d20e#.XPxI8HeZPwc  https://www.bloomberg.com/research/stocks/private/snapshot.asp?privcapId=304531748,NA
636018031,BAOREEFER,LBR,9066485,A8JI3,carrier,134.02,7329,5999,KINGFISHERS SHIPPING,"FLOOR 17, NO.2 BLDG., HUAWO BUILDING, 79# SHENZHEN ROAD, LAOSHAN DIST., QINGDAO, P.R.C.",CHN,28,28,1,"KINGFISHERS SHIPPING CO., LTD.",GFW,"KINGFISHERS SHIPPING CO., LTD.",https://world-ships.com/company/2b2f19f8df5d6839f83134e60d54114a#.XPxISHeZPwc,"Shandong Zhonglu Oceanic Fisheries Co., Ltd",CHN,"Main Company: Shandong Zhonglu Oceanic Fisheries Company Limited the ultimate parent of SHANDONG ZHONGLU FISHERY SHIPPING CO LTD which owns KINGFISHERS SHIPPING CO., LTD.",http://www.hoovers.com/company-information/cs/company-profile.shandong_zhonglu_fishery_shipping_coltd.7d4af5ae4fc0eb01.html  https://world-ships.com/company/2b2f19f8df5d6839f83134e60d54114a#.XPxISHeZPwc  https://world-ships.com/company/bc20553ee112bcb8952b7e925e29d20e#.XPxI8HeZPwc  https://www.bloomberg.com/research/stocks/private/snapshot.asp?privcapId=304531748,NA
636018227,WEINING,LBR,9064229,A8JH5,carrier,141.8,9829,9164,REI FONG SHIPPING,"NO. 348 JIEFANGXI ROAD, DINGHAI, ZHOUSHAN, ZHEJIANG (CHINA)",CHN,85,85,1,REI FONG SHIPPING LTD,GFW,REI FONG SHIPPING LTD,https://world-ships.com/company/b1e057c193f89691a6c526a424ccc7df#.XP10z9NKjaY,Wei Fong Shipping Co Ltd,CHN,Main Company: Wei Fong Shipping Co Ltd,https://world-ships.com/company/b1e057c193f89691a6c526a424ccc7df#.XP10z9NKjaY  https://world-ships.com/company/0ca0b1f844244d67efbcf4365ed5b233#.XP10-NNKjaY  http://portal.infospectrum.net/searchorder/GoogleCompanySearch.aspx?CompanyId=24773,NA
636018227,WEINING,LBR,9064229,A8JH5,carrier,141.8,9829,9164,REI FONG SHIPPING,"NO. 348 JIEFANGXI ROAD, DINGHAI, ZHOUSHAN, ZHEJIANG (CHINA)",CHN,85,85,1,"REI FONG SHIPPING LTD (EFFECTIVE 2017-11) IMO COMPANY NUMBER 4183338 NATIONALITY OF REGISTRATION HONG KONG, CHINA",GFW,REI FONG SHIPPING LTD,https://world-ships.com/company/b1e057c193f89691a6c526a424ccc7df#.XP10z9NKjaY,Wei Fong Shipping Co Ltd,CHN,Main Company: Wei Fong Shipping Co Ltd,https://world-ships.com/company/b1e057c193f89691a6c526a424ccc7df#.XP10z9NKjaY  https://world-ships.com/company/0ca0b1f844244d67efbcf4365ed5b233#.XP10-NNKjaY  http://portal.infospectrum.net/searchorder/GoogleCompanySearch.aspx?CompanyId=24773,NA
667003426,HENGXING1,SLE,8834421,9LY2623,carrier,65.23,991,NA,EVER BLOSSOM SHIPPING,NA,NA,1,1,1,NA,NA,NA,NA,NA,NA,NA,NA,NA
671918000,QIANYUAN,TGO,8819691,5VEZ8,carrier,NA,1891,NA,HONG KONG CHEN YU MARINE,"HONG KONG, CHINA.",HKG,1,1,1,"HONG KONG CHEN YU MARINE CO (EFFECTIVE 2011-12-31) IMO COMPANY NUMBER 5652115 NATIONALITY OF REGISTRATION HONG KONG, CHINA",GFW,HONG KONG (CHEN YU) MARINE CO LTD,https://world-ships.com/company/2cc5305b124929aabf384c9c7cb67281#.XPwwN9NKjaY,GREATSOURCES SHIPPING CONSULTANTS LTD,CHN,Main Company: GREATSOURCES SHIPPING CONSULTANTS LTD,https://world-ships.com/company/2cc5305b124929aabf384c9c7cb67281#.XPwwN9NKjaY  https://world-ships.com/company/79d507c4f40c7172e5b9891573d7c27a#.XPwv19NKjaY  https://www.imarine.cn/thread-268197-1-1.html,NA
760000140,ALORCA,PER,8705333,OA3562,bunker,NA,7973,NA,TRANSGAS SHIPPING LINES,"3RD FLOOR, AVENIDA ENCALADA 995, MONTERRICO, LIMA, 15009, PERU.",PER,48,48,1,NA,NA,NA,NA,NA,NA,NA,NA,NA
